prediction_date,request_type,input_data,predictions,status
2025-04-23T12:36:38.870397,single,"[{""Desired_Sale_Amount"": 0.0, ""Age_of_Home"": 0.0, ""Bedrooms"": 0, ""Bathrooms"": 0, ""Acreage"": 0.0, ""Square_Footage"": 0.0, ""Basement_Type_Full_Basement"": 0, ""Basement_Type_Full_Crawl"": 0, ""Basement_Type_Part_Basement"": 0, ""Basement_Type_Part_Crawl"": 0}]",null,"error: Failed to enforce schema of data '   Desired_Sale_Amount  Age_of_Home  ...  Basement_Type_Part_Basement  Basement_Type_Part_Crawl
0                  0.0          0.0  ...                            0                         0

[1 rows x 10 columns]' with schema '['saleamount': long (required), 'Age of Home': double (required), 'Age_stability_score': double (required), '# Bedrooms': double (required), '# Bathrooms': double (required), 'Acreage': double (required), 'Basement Type_Full Basement': double (required), 'Basement Type_Full Crawl': double (required), 'Basement Type_Part Basement': double (required), 'Basement Type_Part Crawl': double (required)]'. Error: Model is missing inputs ['saleamount', 'Age of Home', 'Age_stability_score', '# Bedrooms', '# Bathrooms', 'Basement Type_Full Basement', 'Basement Type_Full Crawl', 'Basement Type_Part Basement', 'Basement Type_Part Crawl']. Note that there were extra inputs: ['Bathrooms', 'Basement_Type_Full_Basement', 'Desired_Sale_Amount', 'Square_Footage', 'Basement_Type_Full_Crawl', 'Bedrooms', 'Age_of_Home', 'Basement_Type_Part_Basement', 'Basement_Type_Part_Crawl']"
2025-04-23T12:37:23.928424,single,"[{""Desired_Sale_Amount"": 0.0, ""Age_of_Home"": 0.0, ""Bedrooms"": 0, ""Bathrooms"": 0, ""Acreage"": 0.0, ""Square_Footage"": 0.0, ""Basement_Type_Full_Basement"": 0, ""Basement_Type_Full_Crawl"": 0, ""Basement_Type_Part_Basement"": 0, ""Basement_Type_Part_Crawl"": 0}]",null,"error: Failed to enforce schema of data '   Desired_Sale_Amount  Age_of_Home  ...  Basement_Type_Part_Basement  Basement_Type_Part_Crawl
0                  0.0          0.0  ...                            0                         0

[1 rows x 10 columns]' with schema '['saleamount': long (required), 'Age of Home': double (required), 'Age_stability_score': double (required), '# Bedrooms': double (required), '# Bathrooms': double (required), 'Acreage': double (required), 'Basement Type_Full Basement': double (required), 'Basement Type_Full Crawl': double (required), 'Basement Type_Part Basement': double (required), 'Basement Type_Part Crawl': double (required)]'. Error: Model is missing inputs ['saleamount', 'Age of Home', 'Age_stability_score', '# Bedrooms', '# Bathrooms', 'Basement Type_Full Basement', 'Basement Type_Full Crawl', 'Basement Type_Part Basement', 'Basement Type_Part Crawl']. Note that there were extra inputs: ['Bathrooms', 'Basement_Type_Full_Basement', 'Desired_Sale_Amount', 'Square_Footage', 'Basement_Type_Full_Crawl', 'Bedrooms', 'Age_of_Home', 'Basement_Type_Part_Basement', 'Basement_Type_Part_Crawl']"
2025-04-23T12:37:25.657699,single,"[{""Desired_Sale_Amount"": 0.0, ""Age_of_Home"": 0.0, ""Bedrooms"": 0, ""Bathrooms"": 0, ""Acreage"": 0.0, ""Square_Footage"": 0.0, ""Basement_Type_Full_Basement"": 0, ""Basement_Type_Full_Crawl"": 0, ""Basement_Type_Part_Basement"": 0, ""Basement_Type_Part_Crawl"": 0}]",null,"error: Failed to enforce schema of data '   Desired_Sale_Amount  Age_of_Home  ...  Basement_Type_Part_Basement  Basement_Type_Part_Crawl
0                  0.0          0.0  ...                            0                         0

[1 rows x 10 columns]' with schema '['saleamount': long (required), 'Age of Home': double (required), 'Age_stability_score': double (required), '# Bedrooms': double (required), '# Bathrooms': double (required), 'Acreage': double (required), 'Basement Type_Full Basement': double (required), 'Basement Type_Full Crawl': double (required), 'Basement Type_Part Basement': double (required), 'Basement Type_Part Crawl': double (required)]'. Error: Model is missing inputs ['saleamount', 'Age of Home', 'Age_stability_score', '# Bedrooms', '# Bathrooms', 'Basement Type_Full Basement', 'Basement Type_Full Crawl', 'Basement Type_Part Basement', 'Basement Type_Part Crawl']. Note that there were extra inputs: ['Bathrooms', 'Basement_Type_Full_Basement', 'Desired_Sale_Amount', 'Square_Footage', 'Basement_Type_Full_Crawl', 'Bedrooms', 'Age_of_Home', 'Basement_Type_Part_Basement', 'Basement_Type_Part_Crawl']"
2025-04-23T12:37:26.541915,single,"[{""Desired_Sale_Amount"": 0.0, ""Age_of_Home"": 0.0, ""Bedrooms"": 0, ""Bathrooms"": 0, ""Acreage"": 0.0, ""Square_Footage"": 0.0, ""Basement_Type_Full_Basement"": 0, ""Basement_Type_Full_Crawl"": 0, ""Basement_Type_Part_Basement"": 0, ""Basement_Type_Part_Crawl"": 0}]",null,"error: Failed to enforce schema of data '   Desired_Sale_Amount  Age_of_Home  ...  Basement_Type_Part_Basement  Basement_Type_Part_Crawl
0                  0.0          0.0  ...                            0                         0

[1 rows x 10 columns]' with schema '['saleamount': long (required), 'Age of Home': double (required), 'Age_stability_score': double (required), '# Bedrooms': double (required), '# Bathrooms': double (required), 'Acreage': double (required), 'Basement Type_Full Basement': double (required), 'Basement Type_Full Crawl': double (required), 'Basement Type_Part Basement': double (required), 'Basement Type_Part Crawl': double (required)]'. Error: Model is missing inputs ['saleamount', 'Age of Home', 'Age_stability_score', '# Bedrooms', '# Bathrooms', 'Basement Type_Full Basement', 'Basement Type_Full Crawl', 'Basement Type_Part Basement', 'Basement Type_Part Crawl']. Note that there were extra inputs: ['Bathrooms', 'Basement_Type_Full_Basement', 'Desired_Sale_Amount', 'Square_Footage', 'Basement_Type_Full_Crawl', 'Bedrooms', 'Age_of_Home', 'Basement_Type_Part_Basement', 'Basement_Type_Part_Crawl']"
2025-04-23T12:51:03.919956,single,"[{""Desired_Sale_Amount"": 0.0, ""Age_of_Home"": 0.0, ""Bedrooms"": 0, ""Bathrooms"": 0, ""Acreage"": 0.0, ""Square_Footage"": 0.0, ""Basement_Type_Full_Basement"": 0, ""Basement_Type_Full_Crawl"": 0, ""Basement_Type_Part_Basement"": 0, ""Basement_Type_Part_Crawl"": 0}]",null,"error: Failed to enforce schema of data '   Desired_Sale_Amount  Age_of_Home  ...  Basement_Type_Part_Basement  Basement_Type_Part_Crawl
0                  0.0          0.0  ...                            0                         0

[1 rows x 10 columns]' with schema '['saleamount': long (required), 'Age of Home': double (required), 'Age_stability_score': double (required), '# Bedrooms': double (required), '# Bathrooms': double (required), 'Acreage': double (required), 'Basement Type_Full Basement': double (required), 'Basement Type_Full Crawl': double (required), 'Basement Type_Part Basement': double (required), 'Basement Type_Part Crawl': double (required)]'. Error: Model is missing inputs ['saleamount', 'Age of Home', 'Age_stability_score', '# Bedrooms', '# Bathrooms', 'Basement Type_Full Basement', 'Basement Type_Full Crawl', 'Basement Type_Part Basement', 'Basement Type_Part Crawl']. Note that there were extra inputs: ['Bathrooms', 'Basement_Type_Full_Basement', 'Desired_Sale_Amount', 'Square_Footage', 'Basement_Type_Full_Crawl', 'Bedrooms', 'Age_of_Home', 'Basement_Type_Part_Basement', 'Basement_Type_Part_Crawl']"
2025-04-23T12:54:42.366225,single,"[{""saleamount"": 0.0, ""AgeofHome"": 0.0, ""Bedrooms"": 0, ""Bathrooms"": 0, ""Acreage"": 0.0, ""FinSquareFootage"": 0.0, ""Basement_Type_Full_Basement"": 0, ""Basement_Type_Full_Crawl"": 0, ""Basement_Type_Part_Basement"": 0, ""Basement_Type_Part_Crawl"": 0}]",null,"error: Failed to enforce schema of data '   saleamount  AgeofHome  Bedrooms  ...  Basement_Type_Full_Crawl  Basement_Type_Part_Basement  Basement_Type_Part_Crawl
0         0.0        0.0         0  ...                         0                            0                         0

[1 rows x 10 columns]' with schema '['saleamount': long (required), 'AgeofHome': double (required), 'Age_stability_score': double (required), 'Bedrooms': double (required), 'Bathrooms': double (required), 'Acreage': double (required), 'Basement_Type_Full_Basement': double (required), 'Basement_Type_Full_Crawl': double (required), 'Basement_Type_Part_Basement': double (required), 'Basement_Type_Part_Crawl': double (required)]'. Error: Model is missing inputs ['Age_stability_score']. Note that there were extra inputs: ['FinSquareFootage']"
2025-04-23T12:56:47.758671,single,"[{""saleamount"": 0.0, ""AgeofHome"": 0.0, ""Bedrooms"": 0, ""Bathrooms"": 0, ""Acreage"": 0.0, ""FinSquareFootage"": 0.0, ""Basement_Type_Full_Basement"": 0, ""Basement_Type_Full_Crawl"": 0, ""Basement_Type_Part_Basement"": 0, ""Basement_Type_Part_Crawl"": 0}]",null,"error: Failed to enforce schema of data '   saleamount  AgeofHome  Bedrooms  ...  Basement_Type_Full_Crawl  Basement_Type_Part_Basement  Basement_Type_Part_Crawl
0         0.0        0.0         0  ...                         0                            0                         0

[1 rows x 10 columns]' with schema '['saleamount': long (required), 'AgeofHome': double (required), 'Age_stability_score': double (required), 'Bedrooms': double (required), 'Bathrooms': double (required), 'Acreage': double (required), 'Basement_Type_Full_Basement': double (required), 'Basement_Type_Full_Crawl': double (required), 'Basement_Type_Part_Basement': double (required), 'Basement_Type_Part_Crawl': double (required)]'. Error: Model is missing inputs ['Age_stability_score']. Note that there were extra inputs: ['FinSquareFootage']"
2025-04-23T12:57:15.462862,single,"[{""saleamount"": 0.0, ""AgeofHome"": 0.0, ""Bedrooms"": 0, ""Bathrooms"": 0, ""Acreage"": 0.0, ""FinSquareFootage"": 0.0, ""Basement_Type_Full_Basement"": 0, ""Basement_Type_Full_Crawl"": 0, ""Basement_Type_Part_Basement"": 0, ""Basement_Type_Part_Crawl"": 0}]",null,"error: Failed to enforce schema of data '   saleamount  AgeofHome  Bedrooms  ...  Basement_Type_Full_Crawl  Basement_Type_Part_Basement  Basement_Type_Part_Crawl
0         0.0        0.0         0  ...                         0                            0                         0

[1 rows x 10 columns]' with schema '['saleamount': long (required), 'AgeofHome': double (required), 'Age_stability_score': double (required), 'Bedrooms': double (required), 'Bathrooms': double (required), 'Acreage': double (required), 'Basement_Type_Full_Basement': double (required), 'Basement_Type_Full_Crawl': double (required), 'Basement_Type_Part_Basement': double (required), 'Basement_Type_Part_Crawl': double (required)]'. Error: Model is missing inputs ['Age_stability_score']. Note that there were extra inputs: ['FinSquareFootage']"
2025-04-23T12:59:40.644232,single,"[{""saleamount"": 0.0, ""AgeofHome"": 0.0, ""Bedrooms"": 0, ""Bathrooms"": 0, ""Acreage"": 0.0, ""Basement_Type_Full_Basement"": 0, ""Basement_Type_Full_Crawl"": 0.0, ""Basement_Type_Part_Basement"": 0.0, ""Basement_Type_Part_Crawl"": 0.0}]",null,"error: Failed to enforce schema of data '   saleamount  AgeofHome  Bedrooms  ...  Basement_Type_Full_Crawl  Basement_Type_Part_Basement  Basement_Type_Part_Crawl
0         0.0        0.0         0  ...                       0.0                          0.0                       0.0

[1 rows x 9 columns]' with schema '['saleamount': long (required), 'AgeofHome': double (required), 'Age_stability_score': double (required), 'Bedrooms': double (required), 'Bathrooms': double (required), 'Acreage': double (required), 'Basement_Type_Full_Basement': double (required), 'Basement_Type_Full_Crawl': double (required), 'Basement_Type_Part_Basement': double (required), 'Basement_Type_Part_Crawl': double (required)]'. Error: Model is missing inputs ['Age_stability_score']."
2025-04-23T13:00:38.275179,single,"[{""saleamount"": 0.0, ""AgeofHome"": 0.0, ""Bedrooms"": 0, ""Bathrooms"": 0, ""Acreage"": 0.0, ""Basement_Type_Full_Basement"": 0, ""Basement_Type_Full_Crawl"": 0.0, ""Basement_Type_Part_Basement"": 0.0, ""Basement_Type_Part_Crawl"": 0.0}]",null,"error: Failed to enforce schema of data '   saleamount  AgeofHome  Bedrooms  ...  Basement_Type_Full_Crawl  Basement_Type_Part_Basement  Basement_Type_Part_Crawl
0         0.0        0.0         0  ...                       0.0                          0.0                       0.0

[1 rows x 9 columns]' with schema '['saleamount': long (required), 'AgeofHome': double (required), 'Age_stability_score': double (required), 'Bedrooms': double (required), 'Bathrooms': double (required), 'Acreage': double (required), 'Basement_Type_Full_Basement': double (required), 'Basement_Type_Full_Crawl': double (required), 'Basement_Type_Part_Basement': double (required), 'Basement_Type_Part_Crawl': double (required)]'. Error: Model is missing inputs ['Age_stability_score']."
2025-04-23T13:04:01.625656,single,"[{""saleamount"": 0.0, ""AgeofHome"": 0.0, ""Bedrooms"": 0, ""Bathrooms"": 0, ""Acreage"": 0.0, ""Basement_Type_Full_Basement"": 0, ""Basement_Type_Full_Crawl"": 0.0, ""Basement_Type_Part_Basement"": 0.0, ""Basement_Type_Part_Crawl"": 0.0}]",null,"error: Failed to enforce schema of data '   saleamount  AgeofHome  Bedrooms  ...  Basement_Type_Full_Crawl  Basement_Type_Part_Basement  Basement_Type_Part_Crawl
0         0.0        0.0         0  ...                       0.0                          0.0                       0.0

[1 rows x 9 columns]' with schema '['saleamount': long (required), 'AgeofHome': double (required), 'Age_stability_score': double (required), 'Bedrooms': double (required), 'Bathrooms': double (required), 'Acreage': double (required), 'Basement_Type_Full_Basement': double (required), 'Basement_Type_Full_Crawl': double (required), 'Basement_Type_Part_Basement': double (required), 'Basement_Type_Part_Crawl': double (required)]'. Error: Model is missing inputs ['Age_stability_score']."
2025-04-23T13:06:15.007230,single,"[{""saleamount"": 0.0, ""AgeofHome"": 0.0, ""Bedrooms"": 0, ""Bathrooms"": 0, ""Acreage"": 0.0, ""Basement_Type_Full_Basement"": 0, ""Basement_Type_Full_Crawl"": 0.0, ""Basement_Type_Part_Basement"": 0.0, ""Basement_Type_Part_Crawl"": 0.0}]",null,"error: Failed to enforce schema of data '   saleamount  AgeofHome  Bedrooms  ...  Basement_Type_Full_Crawl  Basement_Type_Part_Basement  Basement_Type_Part_Crawl
0         0.0        0.0         0  ...                       0.0                          0.0                       0.0

[1 rows x 9 columns]' with schema '['saleamount': long (required), 'AgeofHome': double (required), 'Bedrooms': double (required), 'Bathrooms': double (required), 'Acreage': double (required), 'Basement_Type_Full_Basement': double (required), 'Basement_Type_Full_Crawl': double (required), 'Basement_Type_Part_Basement': double (required), 'Basement_Type_Part_Crawl': double (required)]'. Error: Incompatible input types for column saleamount. Can not safely convert float64 to int64."
2025-04-23T13:07:08.062922,single,"[{""saleamount"": 0.0, ""AgeofHome"": 0.0, ""Bedrooms"": 0, ""Bathrooms"": 0, ""Acreage"": 0.0, ""Basement_Type_Full_Basement"": 0, ""Basement_Type_Full_Crawl"": 0.0, ""Basement_Type_Part_Basement"": 0.0, ""Basement_Type_Part_Crawl"": 0.0}]",null,"error: Failed to enforce schema of data '   saleamount  AgeofHome  Bedrooms  ...  Basement_Type_Full_Crawl  Basement_Type_Part_Basement  Basement_Type_Part_Crawl
0         0.0        0.0         0  ...                       0.0                          0.0                       0.0

[1 rows x 9 columns]' with schema '['saleamount': long (required), 'AgeofHome': double (required), 'Bedrooms': double (required), 'Bathrooms': double (required), 'Acreage': double (required), 'Basement_Type_Full_Basement': double (required), 'Basement_Type_Full_Crawl': double (required), 'Basement_Type_Part_Basement': double (required), 'Basement_Type_Part_Crawl': double (required)]'. Error: Incompatible input types for column saleamount. Can not safely convert float64 to int64."
2025-04-23T13:07:10.115978,single,"[{""saleamount"": 0.0, ""AgeofHome"": 0.0, ""Bedrooms"": 0, ""Bathrooms"": 0, ""Acreage"": 0.0, ""Basement_Type_Full_Basement"": 0, ""Basement_Type_Full_Crawl"": 0.0, ""Basement_Type_Part_Basement"": 0.0, ""Basement_Type_Part_Crawl"": 0.0}]",null,"error: Failed to enforce schema of data '   saleamount  AgeofHome  Bedrooms  ...  Basement_Type_Full_Crawl  Basement_Type_Part_Basement  Basement_Type_Part_Crawl
0         0.0        0.0         0  ...                       0.0                          0.0                       0.0

[1 rows x 9 columns]' with schema '['saleamount': long (required), 'AgeofHome': double (required), 'Bedrooms': double (required), 'Bathrooms': double (required), 'Acreage': double (required), 'Basement_Type_Full_Basement': double (required), 'Basement_Type_Full_Crawl': double (required), 'Basement_Type_Part_Basement': double (required), 'Basement_Type_Part_Crawl': double (required)]'. Error: Incompatible input types for column saleamount. Can not safely convert float64 to int64."
2025-04-23T13:08:06.076320,single,"[{""saleamount"": 0, ""AgeofHome"": 0.0, ""Bedrooms"": 0, ""Bathrooms"": 0, ""Acreage"": 0.0, ""Basement_Type_Full_Basement"": 0, ""Basement_Type_Full_Crawl"": 0.0, ""Basement_Type_Part_Basement"": 0.0, ""Basement_Type_Part_Crawl"": 0.0}]",[59.0],success
2025-04-23T13:12:52.557990,single,"[{""saleamount"": 0, ""AgeofHome"": 0.0, ""Bedrooms"": 0, ""Bathrooms"": 0, ""Acreage"": 0.0, ""Basement_Type_Full_Basement"": 0, ""Basement_Type_Full_Crawl"": 0.0, ""Basement_Type_Part_Basement"": 0.0, ""Basement_Type_Part_Crawl"": 0.0}]",[59.0],success
2025-04-23T13:15:51.988603,single,"[{""saleamount"": 0, ""AgeofHome"": 0.0, ""Bedrooms"": 0, ""Bathrooms"": 0, ""Acreage"": 0.0, ""Basement_Type_Full_Basement"": 0, ""Basement_Type_Full_Crawl"": 0.0, ""Basement_Type_Part_Basement"": 0.0, ""Basement_Type_Part_Crawl"": 0.0}]",[59.0],success
2025-04-23T13:15:58.631681,single,"[{""saleamount"": 1000, ""AgeofHome"": 0.0, ""Bedrooms"": 0, ""Bathrooms"": 0, ""Acreage"": 0.0, ""Basement_Type_Full_Basement"": 0, ""Basement_Type_Full_Crawl"": 0.0, ""Basement_Type_Part_Basement"": 0.0, ""Basement_Type_Part_Crawl"": 0.0}]",[59.0],success
2025-04-23T13:17:53.649102,single,"[{""saleamount"": 0, ""AgeofHome"": 0.0, ""Bedrooms"": 0, ""Bathrooms"": 0, ""Acreage"": 0.0, ""Basement_Type_Full_Basement"": 0, ""Basement_Type_Full_Crawl"": 0.0, ""Basement_Type_Part_Basement"": 0.0, ""Basement_Type_Part_Crawl"": 0.0}]",[59.0],success
2025-04-23T13:18:11.448990,single,"[{""saleamount"": 1000, ""AgeofHome"": 40.0, ""Bedrooms"": 4, ""Bathrooms"": 3, ""Acreage"": 1.0, ""Basement_Type_Full_Basement"": 1, ""Basement_Type_Full_Crawl"": 0.0, ""Basement_Type_Part_Basement"": 0.0, ""Basement_Type_Part_Crawl"": 0.0}]",null,"error: Failed to enforce schema of data '   saleamount  AgeofHome  Bedrooms  ...  Basement_Type_Full_Crawl  Basement_Type_Part_Basement  Basement_Type_Part_Crawl
0        1000       40.0         4  ...                       0.0                          0.0                       0.0

[1 rows x 9 columns]' with schema '['saleamount': long (required), 'AgeofHome': double (required), 'Bedrooms': double (required), 'Bathrooms': double (required), 'Acreage': double (required), 'Basement_Type_Full_Basement': double (required), 'Basement_Type_Full_Crawl': double (required), 'Basement_Type_Part_Basement': double (required), 'Basement_Type_Part_Crawl': double (required)]'. Error: Incompatible input types for column Bedrooms. Can not safely convert int64 to float64."
2025-04-23T13:19:06.208026,single,"[{""saleamount"": 1000, ""AgeofHome"": 40.0, ""Bedrooms"": 4, ""Bathrooms"": 3, ""Acreage"": 1.0, ""Basement_Type_Full_Basement"": 1, ""Basement_Type_Full_Crawl"": 0.0, ""Basement_Type_Part_Basement"": 0.0, ""Basement_Type_Part_Crawl"": 0.0}]",null,"error: Failed to enforce schema of data '   saleamount  AgeofHome  Bedrooms  ...  Basement_Type_Full_Crawl  Basement_Type_Part_Basement  Basement_Type_Part_Crawl
0        1000       40.0         4  ...                       0.0                          0.0                       0.0

[1 rows x 9 columns]' with schema '['saleamount': long (required), 'AgeofHome': double (required), 'Bedrooms': double (required), 'Bathrooms': double (required), 'Acreage': double (required), 'Basement_Type_Full_Basement': double (required), 'Basement_Type_Full_Crawl': double (required), 'Basement_Type_Part_Basement': double (required), 'Basement_Type_Part_Crawl': double (required)]'. Error: Incompatible input types for column Bedrooms. Can not safely convert int64 to float64."
2025-04-23T13:19:20.387601,single,"[{""saleamount"": 0, ""AgeofHome"": 0.0, ""Bedrooms"": 0, ""Bathrooms"": 0, ""Acreage"": 0.0, ""Basement_Type_Full_Basement"": 0, ""Basement_Type_Full_Crawl"": 0.0, ""Basement_Type_Part_Basement"": 0.0, ""Basement_Type_Part_Crawl"": 0.0}]",[59.0],success
2025-04-23T13:19:26.444427,single,"[{""saleamount"": 10, ""AgeofHome"": 0.0, ""Bedrooms"": 0, ""Bathrooms"": 0, ""Acreage"": 0.0, ""Basement_Type_Full_Basement"": 0, ""Basement_Type_Full_Crawl"": 0.0, ""Basement_Type_Part_Basement"": 0.0, ""Basement_Type_Part_Crawl"": 0.0}]",[59.0],success
2025-04-23T13:19:31.391346,single,"[{""saleamount"": 1000000, ""AgeofHome"": 0.0, ""Bedrooms"": 0, ""Bathrooms"": 0, ""Acreage"": 0.0, ""Basement_Type_Full_Basement"": 0, ""Basement_Type_Full_Crawl"": 0.0, ""Basement_Type_Part_Basement"": 0.0, ""Basement_Type_Part_Crawl"": 0.0}]",[56.1875],success
2025-04-23T13:19:43.434618,single,"[{""saleamount"": 1000000, ""AgeofHome"": 40.0, ""Bedrooms"": 0, ""Bathrooms"": 0, ""Acreage"": 0.0, ""Basement_Type_Full_Basement"": 0, ""Basement_Type_Full_Crawl"": 0.0, ""Basement_Type_Part_Basement"": 0.0, ""Basement_Type_Part_Crawl"": 0.0}]",[56.1875],success
2025-04-23T13:19:47.643745,single,"[{""saleamount"": 1000000, ""AgeofHome"": 40.0, ""Bedrooms"": 4, ""Bathrooms"": 0, ""Acreage"": 0.0, ""Basement_Type_Full_Basement"": 0, ""Basement_Type_Full_Crawl"": 0.0, ""Basement_Type_Part_Basement"": 0.0, ""Basement_Type_Part_Crawl"": 0.0}]",null,"error: Failed to enforce schema of data '   saleamount  AgeofHome  Bedrooms  ...  Basement_Type_Full_Crawl  Basement_Type_Part_Basement  Basement_Type_Part_Crawl
0     1000000       40.0         4  ...                       0.0                          0.0                       0.0

[1 rows x 9 columns]' with schema '['saleamount': long (required), 'AgeofHome': double (required), 'Bedrooms': double (required), 'Bathrooms': double (required), 'Acreage': double (required), 'Basement_Type_Full_Basement': double (required), 'Basement_Type_Full_Crawl': double (required), 'Basement_Type_Part_Basement': double (required), 'Basement_Type_Part_Crawl': double (required)]'. Error: Incompatible input types for column Bedrooms. Can not safely convert int64 to float64."
2025-04-23T13:20:00.316761,single,"[{""saleamount"": 1000000, ""AgeofHome"": 40.0, ""Bedrooms"": 4, ""Bathrooms"": 0, ""Acreage"": 0.0, ""Basement_Type_Full_Basement"": 0, ""Basement_Type_Full_Crawl"": 0.0, ""Basement_Type_Part_Basement"": 0.0, ""Basement_Type_Part_Crawl"": 0.0}]",null,"error: Failed to enforce schema of data '   saleamount  AgeofHome  Bedrooms  ...  Basement_Type_Full_Crawl  Basement_Type_Part_Basement  Basement_Type_Part_Crawl
0     1000000       40.0         4  ...                       0.0                          0.0                       0.0

[1 rows x 9 columns]' with schema '['saleamount': long (required), 'AgeofHome': double (required), 'Bedrooms': double (required), 'Bathrooms': double (required), 'Acreage': double (required), 'Basement_Type_Full_Basement': double (required), 'Basement_Type_Full_Crawl': double (required), 'Basement_Type_Part_Basement': double (required), 'Basement_Type_Part_Crawl': double (required)]'. Error: Incompatible input types for column Bedrooms. Can not safely convert int64 to float64."
2025-04-23T13:20:08.052481,single,"[{""saleamount"": 1000000, ""AgeofHome"": 40.0, ""Bedrooms"": 4, ""Bathrooms"": 0, ""Acreage"": 0.0, ""Basement_Type_Full_Basement"": 0, ""Basement_Type_Full_Crawl"": 0.0, ""Basement_Type_Part_Basement"": 0.0, ""Basement_Type_Part_Crawl"": 0.0}]",null,"error: Failed to enforce schema of data '   saleamount  AgeofHome  Bedrooms  ...  Basement_Type_Full_Crawl  Basement_Type_Part_Basement  Basement_Type_Part_Crawl
0     1000000       40.0         4  ...                       0.0                          0.0                       0.0

[1 rows x 9 columns]' with schema '['saleamount': long (required), 'AgeofHome': double (required), 'Bedrooms': double (required), 'Bathrooms': double (required), 'Acreage': double (required), 'Basement_Type_Full_Basement': double (required), 'Basement_Type_Full_Crawl': double (required), 'Basement_Type_Part_Basement': double (required), 'Basement_Type_Part_Crawl': double (required)]'. Error: Incompatible input types for column Bedrooms. Can not safely convert int64 to float64."
2025-04-23T13:20:48.242943,single,"[{""saleamount"": 1000000, ""AgeofHome"": 40.0, ""Bedrooms"": 4, ""Bathrooms"": 0, ""Acreage"": 0.0, ""Basement_Type_Full_Basement"": 0, ""Basement_Type_Full_Crawl"": 0.0, ""Basement_Type_Part_Basement"": 0.0, ""Basement_Type_Part_Crawl"": 0.0}]",null,"error: Failed to enforce schema of data '   saleamount  AgeofHome  Bedrooms  ...  Basement_Type_Full_Crawl  Basement_Type_Part_Basement  Basement_Type_Part_Crawl
0     1000000       40.0         4  ...                       0.0                          0.0                       0.0

[1 rows x 9 columns]' with schema '['saleamount': long (required), 'AgeofHome': double (required), 'Bedrooms': double (required), 'Bathrooms': double (required), 'Acreage': double (required), 'Basement_Type_Full_Basement': double (required), 'Basement_Type_Full_Crawl': double (required), 'Basement_Type_Part_Basement': double (required), 'Basement_Type_Part_Crawl': double (required)]'. Error: Incompatible input types for column Bedrooms. Can not safely convert int64 to float64."
2025-04-23T13:21:18.301053,single,"[{""saleamount"": 1000000, ""AgeofHome"": 40.0, ""Bedrooms"": 4, ""Bathrooms"": 0, ""Acreage"": 0.0, ""Basement_Type_Full_Basement"": 0, ""Basement_Type_Full_Crawl"": 0.0, ""Basement_Type_Part_Basement"": 0.0, ""Basement_Type_Part_Crawl"": 0.0}]",null,"error: Failed to enforce schema of data '   saleamount  AgeofHome  Bedrooms  ...  Basement_Type_Full_Crawl  Basement_Type_Part_Basement  Basement_Type_Part_Crawl
0     1000000       40.0         4  ...                       0.0                          0.0                       0.0

[1 rows x 9 columns]' with schema '['saleamount': long (required), 'AgeofHome': double (required), 'Bedrooms': double (required), 'Bathrooms': double (required), 'Acreage': double (required), 'Basement_Type_Full_Basement': double (required), 'Basement_Type_Full_Crawl': double (required), 'Basement_Type_Part_Basement': double (required), 'Basement_Type_Part_Crawl': double (required)]'. Error: Incompatible input types for column Bedrooms. Can not safely convert int64 to float64."
2025-04-23T13:23:16.576632,single,"[{""saleamount"": 0, ""AgeofHome"": 0.0, ""Bedrooms"": 0, ""Bathrooms"": 0, ""Acreage"": 0.0, ""Basement_Type_Full_Basement"": 0, ""Basement_Type_Full_Crawl"": 0.0, ""Basement_Type_Part_Basement"": 0.0, ""Basement_Type_Part_Crawl"": 0.0}]",[59.0],success
2025-04-23T13:23:21.025121,single,"[{""saleamount"": 10, ""AgeofHome"": 0.0, ""Bedrooms"": 0, ""Bathrooms"": 0, ""Acreage"": 0.0, ""Basement_Type_Full_Basement"": 0, ""Basement_Type_Full_Crawl"": 0.0, ""Basement_Type_Part_Basement"": 0.0, ""Basement_Type_Part_Crawl"": 0.0}]",[59.0],success
2025-04-23T13:23:28.007387,single,"[{""saleamount"": 10000, ""AgeofHome"": 50.0, ""Bedrooms"": 0, ""Bathrooms"": 0, ""Acreage"": 0.0, ""Basement_Type_Full_Basement"": 0, ""Basement_Type_Full_Crawl"": 0.0, ""Basement_Type_Part_Basement"": 0.0, ""Basement_Type_Part_Crawl"": 0.0}]",[59.0],success
2025-04-23T13:23:32.374649,single,"[{""saleamount"": 10000, ""AgeofHome"": 50.0, ""Bedrooms"": 4, ""Bathrooms"": 0, ""Acreage"": 0.0, ""Basement_Type_Full_Basement"": 0, ""Basement_Type_Full_Crawl"": 0.0, ""Basement_Type_Part_Basement"": 0.0, ""Basement_Type_Part_Crawl"": 0.0}]",null,"error: Failed to enforce schema of data '   saleamount  AgeofHome  Bedrooms  ...  Basement_Type_Full_Crawl  Basement_Type_Part_Basement  Basement_Type_Part_Crawl
0       10000       50.0         4  ...                       0.0                          0.0                       0.0

[1 rows x 9 columns]' with schema '['saleamount': long (required), 'AgeofHome': double (required), 'Bedrooms': double (required), 'Bathrooms': double (required), 'Acreage': double (required), 'Basement_Type_Full_Basement': double (required), 'Basement_Type_Full_Crawl': double (required), 'Basement_Type_Part_Basement': double (required), 'Basement_Type_Part_Crawl': double (required)]'. Error: Incompatible input types for column Bedrooms. Can not safely convert int64 to float64."
2025-04-23T13:23:38.982720,single,"[{""saleamount"": 10000, ""AgeofHome"": 50.0, ""Bedrooms"": 4, ""Bathrooms"": 0, ""Acreage"": 0.0, ""Basement_Type_Full_Basement"": 0, ""Basement_Type_Full_Crawl"": 0.0, ""Basement_Type_Part_Basement"": 0.0, ""Basement_Type_Part_Crawl"": 0.0}]",null,"error: Failed to enforce schema of data '   saleamount  AgeofHome  Bedrooms  ...  Basement_Type_Full_Crawl  Basement_Type_Part_Basement  Basement_Type_Part_Crawl
0       10000       50.0         4  ...                       0.0                          0.0                       0.0

[1 rows x 9 columns]' with schema '['saleamount': long (required), 'AgeofHome': double (required), 'Bedrooms': double (required), 'Bathrooms': double (required), 'Acreage': double (required), 'Basement_Type_Full_Basement': double (required), 'Basement_Type_Full_Crawl': double (required), 'Basement_Type_Part_Basement': double (required), 'Basement_Type_Part_Crawl': double (required)]'. Error: Incompatible input types for column Bedrooms. Can not safely convert int64 to float64."
2025-04-23T13:27:50.292301,single,"[{""saleamount"": 10000, ""AgeofHome"": 50.0, ""Bedrooms"": 4, ""Bathrooms"": 0, ""Acreage"": 0.0, ""Basement_Type_Full_Basement"": 0, ""Basement_Type_Full_Crawl"": 0.0, ""Basement_Type_Part_Basement"": 0.0, ""Basement_Type_Part_Crawl"": 0.0}]",null,"error: Failed to enforce schema of data '   saleamount  AgeofHome  Bedrooms  ...  Basement_Type_Full_Crawl  Basement_Type_Part_Basement  Basement_Type_Part_Crawl
0       10000       50.0         4  ...                       0.0                          0.0                       0.0

[1 rows x 9 columns]' with schema '['saleamount': long (required), 'AgeofHome': double (required), 'Bedrooms': double (required), 'Bathrooms': double (required), 'Acreage': double (required), 'Basement_Type_Full_Basement': double (required), 'Basement_Type_Full_Crawl': double (required), 'Basement_Type_Part_Basement': double (required), 'Basement_Type_Part_Crawl': double (required)]'. Error: Incompatible input types for column Bedrooms. Can not safely convert int64 to float64."
2025-04-23T13:27:59.100361,single,"[{""saleamount"": 10000, ""AgeofHome"": 50.0, ""Bedrooms"": 4, ""Bathrooms"": 0, ""Acreage"": 0.0, ""Basement_Type_Full_Basement"": 0, ""Basement_Type_Full_Crawl"": 0.0, ""Basement_Type_Part_Basement"": 0.0, ""Basement_Type_Part_Crawl"": 0.0}]",null,"error: Failed to enforce schema of data '   saleamount  AgeofHome  Bedrooms  ...  Basement_Type_Full_Crawl  Basement_Type_Part_Basement  Basement_Type_Part_Crawl
0       10000       50.0         4  ...                       0.0                          0.0                       0.0

[1 rows x 9 columns]' with schema '['saleamount': long (required), 'AgeofHome': double (required), 'Bedrooms': double (required), 'Bathrooms': double (required), 'Acreage': double (required), 'Basement_Type_Full_Basement': double (required), 'Basement_Type_Full_Crawl': double (required), 'Basement_Type_Part_Basement': double (required), 'Basement_Type_Part_Crawl': double (required)]'. Error: Incompatible input types for column Bedrooms. Can not safely convert int64 to float64."
2025-04-23T13:28:15.627793,single,"[{""saleamount"": 0, ""AgeofHome"": 0.0, ""Bedrooms"": 0, ""Bathrooms"": 0, ""Acreage"": 0.0, ""Basement_Type_Full_Basement"": 0, ""Basement_Type_Full_Crawl"": 0.0, ""Basement_Type_Part_Basement"": 0.0, ""Basement_Type_Part_Crawl"": 0.0}]",[59.0],success
2025-04-23T13:28:20.276192,single,"[{""saleamount"": 0, ""AgeofHome"": 0.0, ""Bedrooms"": 4, ""Bathrooms"": 0, ""Acreage"": 0.0, ""Basement_Type_Full_Basement"": 0, ""Basement_Type_Full_Crawl"": 0.0, ""Basement_Type_Part_Basement"": 0.0, ""Basement_Type_Part_Crawl"": 0.0}]",null,"error: Failed to enforce schema of data '   saleamount  AgeofHome  Bedrooms  ...  Basement_Type_Full_Crawl  Basement_Type_Part_Basement  Basement_Type_Part_Crawl
0           0        0.0         4  ...                       0.0                          0.0                       0.0

[1 rows x 9 columns]' with schema '['saleamount': long (required), 'AgeofHome': double (required), 'Bedrooms': double (required), 'Bathrooms': double (required), 'Acreage': double (required), 'Basement_Type_Full_Basement': double (required), 'Basement_Type_Full_Crawl': double (required), 'Basement_Type_Part_Basement': double (required), 'Basement_Type_Part_Crawl': double (required)]'. Error: Incompatible input types for column Bedrooms. Can not safely convert int64 to float64."
2025-04-23T13:29:34.356122,single,"[{""saleamount"": 0, ""AgeofHome"": 0.0, ""Bedrooms"": 4, ""Bathrooms"": 0, ""Acreage"": 0.0, ""Basement_Type_Full_Basement"": 0, ""Basement_Type_Full_Crawl"": 0.0, ""Basement_Type_Part_Basement"": 0.0, ""Basement_Type_Part_Crawl"": 0.0}]",null,"error: Failed to enforce schema of data '   saleamount  AgeofHome  Bedrooms  ...  Basement_Type_Full_Crawl  Basement_Type_Part_Basement  Basement_Type_Part_Crawl
0           0        0.0         4  ...                       0.0                          0.0                       0.0

[1 rows x 9 columns]' with schema '['saleamount': long (required), 'AgeofHome': double (required), 'Bedrooms': double (required), 'Bathrooms': double (required), 'Acreage': double (required), 'Basement_Type_Full_Basement': double (required), 'Basement_Type_Full_Crawl': double (required), 'Basement_Type_Part_Basement': double (required), 'Basement_Type_Part_Crawl': double (required)]'. Error: Incompatible input types for column Bedrooms. Can not safely convert int64 to float64."
2025-04-23T13:30:52.463595,single,"[{""saleamount"": 0, ""AgeofHome"": 0.0, ""Bedrooms"": 4, ""Bathrooms"": 0, ""Acreage"": 0.0, ""Basement_Type_Full_Basement"": 0, ""Basement_Type_Full_Crawl"": 0.0, ""Basement_Type_Part_Basement"": 0.0, ""Basement_Type_Part_Crawl"": 0.0}]",null,"error: Failed to enforce schema of data '   saleamount  AgeofHome  Bedrooms  ...  Basement_Type_Full_Crawl  Basement_Type_Part_Basement  Basement_Type_Part_Crawl
0           0        0.0         4  ...                       0.0                          0.0                       0.0

[1 rows x 9 columns]' with schema '['saleamount': long (required), 'AgeofHome': double (required), 'Bedrooms': double (required), 'Bathrooms': double (required), 'Acreage': double (required), 'Basement_Type_Full_Basement': double (required), 'Basement_Type_Full_Crawl': double (required), 'Basement_Type_Part_Basement': double (required), 'Basement_Type_Part_Crawl': double (required)]'. Error: Incompatible input types for column Bedrooms. Can not safely convert int64 to float64."
2025-04-23T13:32:09.939513,single,"[{""saleamount"": 0.0, ""AgeofHome"": 0.0, ""Bedrooms"": 0.0, ""Bathrooms"": 0.0, ""Acreage"": 0.0, ""Basement_Type_Full_Basement"": 0.0, ""Basement_Type_Full_Crawl"": 0.0, ""Basement_Type_Part_Basement"": 0.0, ""Basement_Type_Part_Crawl"": 0.0}]",null,"error: Failed to enforce schema of data '   saleamount  AgeofHome  Bedrooms  ...  Basement_Type_Full_Crawl  Basement_Type_Part_Basement  Basement_Type_Part_Crawl
0         0.0        0.0       0.0  ...                       0.0                          0.0                       0.0

[1 rows x 9 columns]' with schema '['saleamount': long (required), 'AgeofHome': double (required), 'Bedrooms': double (required), 'Bathrooms': double (required), 'Acreage': double (required), 'Basement_Type_Full_Basement': double (required), 'Basement_Type_Full_Crawl': double (required), 'Basement_Type_Part_Basement': double (required), 'Basement_Type_Part_Crawl': double (required)]'. Error: Incompatible input types for column saleamount. Can not safely convert float64 to int64."
2025-04-23T13:32:41.971342,single,"[{""saleamount"": 1.0, ""AgeofHome"": 0.0, ""Bedrooms"": 0.0, ""Bathrooms"": 0.0, ""Acreage"": 0.0, ""Basement_Type_Full_Basement"": 0.0, ""Basement_Type_Full_Crawl"": 0.0, ""Basement_Type_Part_Basement"": 0.0, ""Basement_Type_Part_Crawl"": 0.0}]",null,"error: Failed to enforce schema of data '   saleamount  AgeofHome  Bedrooms  ...  Basement_Type_Full_Crawl  Basement_Type_Part_Basement  Basement_Type_Part_Crawl
0         1.0        0.0       0.0  ...                       0.0                          0.0                       0.0

[1 rows x 9 columns]' with schema '['saleamount': long (required), 'AgeofHome': double (required), 'Bedrooms': double (required), 'Bathrooms': double (required), 'Acreage': double (required), 'Basement_Type_Full_Basement': double (required), 'Basement_Type_Full_Crawl': double (required), 'Basement_Type_Part_Basement': double (required), 'Basement_Type_Part_Crawl': double (required)]'. Error: Incompatible input types for column saleamount. Can not safely convert float64 to int64."
2025-04-23T13:34:00.682950,single,"[{""saleamount"": 0.0, ""AgeofHome"": 0.0, ""Bedrooms"": 0.0, ""Bathrooms"": 0.0, ""Acreage"": 0.0, ""Basement_Type_Full_Basement"": 0.0, ""Basement_Type_Full_Crawl"": 0.0, ""Basement_Type_Part_Basement"": 0.0, ""Basement_Type_Part_Crawl"": 0.0}]",null,"error: Failed to enforce schema of data '   saleamount  AgeofHome  Bedrooms  ...  Basement_Type_Full_Crawl  Basement_Type_Part_Basement  Basement_Type_Part_Crawl
0         0.0        0.0       0.0  ...                       0.0                          0.0                       0.0

[1 rows x 9 columns]' with schema '['saleamount': long (required), 'AgeofHome': double (required), 'Bedrooms': double (required), 'Bathrooms': double (required), 'Acreage': double (required), 'Basement_Type_Full_Basement': double (required), 'Basement_Type_Full_Crawl': double (required), 'Basement_Type_Part_Basement': double (required), 'Basement_Type_Part_Crawl': double (required)]'. Error: Incompatible input types for column saleamount. Can not safely convert float64 to int64."
2025-04-23T13:34:18.862571,single,"[{""saleamount"": 0.0, ""AgeofHome"": 0.0, ""Bedrooms"": 0.0, ""Bathrooms"": 0.0, ""Acreage"": 0.0, ""Basement_Type_Full_Basement"": 0.0, ""Basement_Type_Full_Crawl"": 0.0, ""Basement_Type_Part_Basement"": 0.0, ""Basement_Type_Part_Crawl"": 0.0}]",null,"error: Failed to enforce schema of data '   saleamount  AgeofHome  Bedrooms  ...  Basement_Type_Full_Crawl  Basement_Type_Part_Basement  Basement_Type_Part_Crawl
0         0.0        0.0       0.0  ...                       0.0                          0.0                       0.0

[1 rows x 9 columns]' with schema '['saleamount': long (required), 'AgeofHome': double (required), 'Bedrooms': double (required), 'Bathrooms': double (required), 'Acreage': double (required), 'Basement_Type_Full_Basement': double (required), 'Basement_Type_Full_Crawl': double (required), 'Basement_Type_Part_Basement': double (required), 'Basement_Type_Part_Crawl': double (required)]'. Error: Incompatible input types for column saleamount. Can not safely convert float64 to int64."
2025-04-23T13:34:23.409979,single,"[{""saleamount"": 0.0, ""AgeofHome"": 0.0, ""Bedrooms"": 0.0, ""Bathrooms"": 0.0, ""Acreage"": 0.0, ""Basement_Type_Full_Basement"": 0.0, ""Basement_Type_Full_Crawl"": 0.0, ""Basement_Type_Part_Basement"": 0.0, ""Basement_Type_Part_Crawl"": 0.0}]",null,"error: Failed to enforce schema of data '   saleamount  AgeofHome  Bedrooms  ...  Basement_Type_Full_Crawl  Basement_Type_Part_Basement  Basement_Type_Part_Crawl
0         0.0        0.0       0.0  ...                       0.0                          0.0                       0.0

[1 rows x 9 columns]' with schema '['saleamount': long (required), 'AgeofHome': double (required), 'Bedrooms': double (required), 'Bathrooms': double (required), 'Acreage': double (required), 'Basement_Type_Full_Basement': double (required), 'Basement_Type_Full_Crawl': double (required), 'Basement_Type_Part_Basement': double (required), 'Basement_Type_Part_Crawl': double (required)]'. Error: Incompatible input types for column saleamount. Can not safely convert float64 to int64."
2025-04-23T13:34:24.081644,single,"[{""saleamount"": 0.0, ""AgeofHome"": 0.0, ""Bedrooms"": 0.0, ""Bathrooms"": 0.0, ""Acreage"": 0.0, ""Basement_Type_Full_Basement"": 0.0, ""Basement_Type_Full_Crawl"": 0.0, ""Basement_Type_Part_Basement"": 0.0, ""Basement_Type_Part_Crawl"": 0.0}]",null,"error: Failed to enforce schema of data '   saleamount  AgeofHome  Bedrooms  ...  Basement_Type_Full_Crawl  Basement_Type_Part_Basement  Basement_Type_Part_Crawl
0         0.0        0.0       0.0  ...                       0.0                          0.0                       0.0

[1 rows x 9 columns]' with schema '['saleamount': long (required), 'AgeofHome': double (required), 'Bedrooms': double (required), 'Bathrooms': double (required), 'Acreage': double (required), 'Basement_Type_Full_Basement': double (required), 'Basement_Type_Full_Crawl': double (required), 'Basement_Type_Part_Basement': double (required), 'Basement_Type_Part_Crawl': double (required)]'. Error: Incompatible input types for column saleamount. Can not safely convert float64 to int64."
2025-04-23T13:34:24.251419,single,"[{""saleamount"": 0.0, ""AgeofHome"": 0.0, ""Bedrooms"": 0.0, ""Bathrooms"": 0.0, ""Acreage"": 0.0, ""Basement_Type_Full_Basement"": 0.0, ""Basement_Type_Full_Crawl"": 0.0, ""Basement_Type_Part_Basement"": 0.0, ""Basement_Type_Part_Crawl"": 0.0}]",null,"error: Failed to enforce schema of data '   saleamount  AgeofHome  Bedrooms  ...  Basement_Type_Full_Crawl  Basement_Type_Part_Basement  Basement_Type_Part_Crawl
0         0.0        0.0       0.0  ...                       0.0                          0.0                       0.0

[1 rows x 9 columns]' with schema '['saleamount': long (required), 'AgeofHome': double (required), 'Bedrooms': double (required), 'Bathrooms': double (required), 'Acreage': double (required), 'Basement_Type_Full_Basement': double (required), 'Basement_Type_Full_Crawl': double (required), 'Basement_Type_Part_Basement': double (required), 'Basement_Type_Part_Crawl': double (required)]'. Error: Incompatible input types for column saleamount. Can not safely convert float64 to int64."
2025-04-23T13:34:24.451037,single,"[{""saleamount"": 0.0, ""AgeofHome"": 0.0, ""Bedrooms"": 0.0, ""Bathrooms"": 0.0, ""Acreage"": 0.0, ""Basement_Type_Full_Basement"": 0.0, ""Basement_Type_Full_Crawl"": 0.0, ""Basement_Type_Part_Basement"": 0.0, ""Basement_Type_Part_Crawl"": 0.0}]",null,"error: Failed to enforce schema of data '   saleamount  AgeofHome  Bedrooms  ...  Basement_Type_Full_Crawl  Basement_Type_Part_Basement  Basement_Type_Part_Crawl
0         0.0        0.0       0.0  ...                       0.0                          0.0                       0.0

[1 rows x 9 columns]' with schema '['saleamount': long (required), 'AgeofHome': double (required), 'Bedrooms': double (required), 'Bathrooms': double (required), 'Acreage': double (required), 'Basement_Type_Full_Basement': double (required), 'Basement_Type_Full_Crawl': double (required), 'Basement_Type_Part_Basement': double (required), 'Basement_Type_Part_Crawl': double (required)]'. Error: Incompatible input types for column saleamount. Can not safely convert float64 to int64."
2025-04-23T13:34:24.785319,single,"[{""saleamount"": 0.0, ""AgeofHome"": 0.0, ""Bedrooms"": 0.0, ""Bathrooms"": 0.0, ""Acreage"": 0.0, ""Basement_Type_Full_Basement"": 0.0, ""Basement_Type_Full_Crawl"": 0.0, ""Basement_Type_Part_Basement"": 0.0, ""Basement_Type_Part_Crawl"": 0.0}]",null,"error: Failed to enforce schema of data '   saleamount  AgeofHome  Bedrooms  ...  Basement_Type_Full_Crawl  Basement_Type_Part_Basement  Basement_Type_Part_Crawl
0         0.0        0.0       0.0  ...                       0.0                          0.0                       0.0

[1 rows x 9 columns]' with schema '['saleamount': long (required), 'AgeofHome': double (required), 'Bedrooms': double (required), 'Bathrooms': double (required), 'Acreage': double (required), 'Basement_Type_Full_Basement': double (required), 'Basement_Type_Full_Crawl': double (required), 'Basement_Type_Part_Basement': double (required), 'Basement_Type_Part_Crawl': double (required)]'. Error: Incompatible input types for column saleamount. Can not safely convert float64 to int64."
2025-04-23T13:34:24.926095,single,"[{""saleamount"": 0.0, ""AgeofHome"": 0.0, ""Bedrooms"": 0.0, ""Bathrooms"": 0.0, ""Acreage"": 0.0, ""Basement_Type_Full_Basement"": 0.0, ""Basement_Type_Full_Crawl"": 0.0, ""Basement_Type_Part_Basement"": 0.0, ""Basement_Type_Part_Crawl"": 0.0}]",null,"error: Failed to enforce schema of data '   saleamount  AgeofHome  Bedrooms  ...  Basement_Type_Full_Crawl  Basement_Type_Part_Basement  Basement_Type_Part_Crawl
0         0.0        0.0       0.0  ...                       0.0                          0.0                       0.0

[1 rows x 9 columns]' with schema '['saleamount': long (required), 'AgeofHome': double (required), 'Bedrooms': double (required), 'Bathrooms': double (required), 'Acreage': double (required), 'Basement_Type_Full_Basement': double (required), 'Basement_Type_Full_Crawl': double (required), 'Basement_Type_Part_Basement': double (required), 'Basement_Type_Part_Crawl': double (required)]'. Error: Incompatible input types for column saleamount. Can not safely convert float64 to int64."
2025-04-23T13:34:25.046830,single,"[{""saleamount"": 0.0, ""AgeofHome"": 0.0, ""Bedrooms"": 0.0, ""Bathrooms"": 0.0, ""Acreage"": 0.0, ""Basement_Type_Full_Basement"": 0.0, ""Basement_Type_Full_Crawl"": 0.0, ""Basement_Type_Part_Basement"": 0.0, ""Basement_Type_Part_Crawl"": 0.0}]",null,"error: Failed to enforce schema of data '   saleamount  AgeofHome  Bedrooms  ...  Basement_Type_Full_Crawl  Basement_Type_Part_Basement  Basement_Type_Part_Crawl
0         0.0        0.0       0.0  ...                       0.0                          0.0                       0.0

[1 rows x 9 columns]' with schema '['saleamount': long (required), 'AgeofHome': double (required), 'Bedrooms': double (required), 'Bathrooms': double (required), 'Acreage': double (required), 'Basement_Type_Full_Basement': double (required), 'Basement_Type_Full_Crawl': double (required), 'Basement_Type_Part_Basement': double (required), 'Basement_Type_Part_Crawl': double (required)]'. Error: Incompatible input types for column saleamount. Can not safely convert float64 to int64."
2025-04-23T13:34:25.165642,single,"[{""saleamount"": 0.0, ""AgeofHome"": 0.0, ""Bedrooms"": 0.0, ""Bathrooms"": 0.0, ""Acreage"": 0.0, ""Basement_Type_Full_Basement"": 0.0, ""Basement_Type_Full_Crawl"": 0.0, ""Basement_Type_Part_Basement"": 0.0, ""Basement_Type_Part_Crawl"": 0.0}]",null,"error: Failed to enforce schema of data '   saleamount  AgeofHome  Bedrooms  ...  Basement_Type_Full_Crawl  Basement_Type_Part_Basement  Basement_Type_Part_Crawl
0         0.0        0.0       0.0  ...                       0.0                          0.0                       0.0

[1 rows x 9 columns]' with schema '['saleamount': long (required), 'AgeofHome': double (required), 'Bedrooms': double (required), 'Bathrooms': double (required), 'Acreage': double (required), 'Basement_Type_Full_Basement': double (required), 'Basement_Type_Full_Crawl': double (required), 'Basement_Type_Part_Basement': double (required), 'Basement_Type_Part_Crawl': double (required)]'. Error: Incompatible input types for column saleamount. Can not safely convert float64 to int64."
2025-04-23T13:34:25.285102,single,"[{""saleamount"": 0.0, ""AgeofHome"": 0.0, ""Bedrooms"": 0.0, ""Bathrooms"": 0.0, ""Acreage"": 0.0, ""Basement_Type_Full_Basement"": 0.0, ""Basement_Type_Full_Crawl"": 0.0, ""Basement_Type_Part_Basement"": 0.0, ""Basement_Type_Part_Crawl"": 0.0}]",null,"error: Failed to enforce schema of data '   saleamount  AgeofHome  Bedrooms  ...  Basement_Type_Full_Crawl  Basement_Type_Part_Basement  Basement_Type_Part_Crawl
0         0.0        0.0       0.0  ...                       0.0                          0.0                       0.0

[1 rows x 9 columns]' with schema '['saleamount': long (required), 'AgeofHome': double (required), 'Bedrooms': double (required), 'Bathrooms': double (required), 'Acreage': double (required), 'Basement_Type_Full_Basement': double (required), 'Basement_Type_Full_Crawl': double (required), 'Basement_Type_Part_Basement': double (required), 'Basement_Type_Part_Crawl': double (required)]'. Error: Incompatible input types for column saleamount. Can not safely convert float64 to int64."
2025-04-23T13:34:25.406200,single,"[{""saleamount"": 0.0, ""AgeofHome"": 0.0, ""Bedrooms"": 0.0, ""Bathrooms"": 0.0, ""Acreage"": 0.0, ""Basement_Type_Full_Basement"": 0.0, ""Basement_Type_Full_Crawl"": 0.0, ""Basement_Type_Part_Basement"": 0.0, ""Basement_Type_Part_Crawl"": 0.0}]",null,"error: Failed to enforce schema of data '   saleamount  AgeofHome  Bedrooms  ...  Basement_Type_Full_Crawl  Basement_Type_Part_Basement  Basement_Type_Part_Crawl
0         0.0        0.0       0.0  ...                       0.0                          0.0                       0.0

[1 rows x 9 columns]' with schema '['saleamount': long (required), 'AgeofHome': double (required), 'Bedrooms': double (required), 'Bathrooms': double (required), 'Acreage': double (required), 'Basement_Type_Full_Basement': double (required), 'Basement_Type_Full_Crawl': double (required), 'Basement_Type_Part_Basement': double (required), 'Basement_Type_Part_Crawl': double (required)]'. Error: Incompatible input types for column saleamount. Can not safely convert float64 to int64."
2025-04-23T13:34:25.531627,single,"[{""saleamount"": 0.0, ""AgeofHome"": 0.0, ""Bedrooms"": 0.0, ""Bathrooms"": 0.0, ""Acreage"": 0.0, ""Basement_Type_Full_Basement"": 0.0, ""Basement_Type_Full_Crawl"": 0.0, ""Basement_Type_Part_Basement"": 0.0, ""Basement_Type_Part_Crawl"": 0.0}]",null,"error: Failed to enforce schema of data '   saleamount  AgeofHome  Bedrooms  ...  Basement_Type_Full_Crawl  Basement_Type_Part_Basement  Basement_Type_Part_Crawl
0         0.0        0.0       0.0  ...                       0.0                          0.0                       0.0

[1 rows x 9 columns]' with schema '['saleamount': long (required), 'AgeofHome': double (required), 'Bedrooms': double (required), 'Bathrooms': double (required), 'Acreage': double (required), 'Basement_Type_Full_Basement': double (required), 'Basement_Type_Full_Crawl': double (required), 'Basement_Type_Part_Basement': double (required), 'Basement_Type_Part_Crawl': double (required)]'. Error: Incompatible input types for column saleamount. Can not safely convert float64 to int64."
2025-04-23T13:34:25.659821,single,"[{""saleamount"": 0.0, ""AgeofHome"": 0.0, ""Bedrooms"": 0.0, ""Bathrooms"": 0.0, ""Acreage"": 0.0, ""Basement_Type_Full_Basement"": 0.0, ""Basement_Type_Full_Crawl"": 0.0, ""Basement_Type_Part_Basement"": 0.0, ""Basement_Type_Part_Crawl"": 0.0}]",null,"error: Failed to enforce schema of data '   saleamount  AgeofHome  Bedrooms  ...  Basement_Type_Full_Crawl  Basement_Type_Part_Basement  Basement_Type_Part_Crawl
0         0.0        0.0       0.0  ...                       0.0                          0.0                       0.0

[1 rows x 9 columns]' with schema '['saleamount': long (required), 'AgeofHome': double (required), 'Bedrooms': double (required), 'Bathrooms': double (required), 'Acreage': double (required), 'Basement_Type_Full_Basement': double (required), 'Basement_Type_Full_Crawl': double (required), 'Basement_Type_Part_Basement': double (required), 'Basement_Type_Part_Crawl': double (required)]'. Error: Incompatible input types for column saleamount. Can not safely convert float64 to int64."
2025-04-23T13:34:25.786598,single,"[{""saleamount"": 0.0, ""AgeofHome"": 0.0, ""Bedrooms"": 0.0, ""Bathrooms"": 0.0, ""Acreage"": 0.0, ""Basement_Type_Full_Basement"": 0.0, ""Basement_Type_Full_Crawl"": 0.0, ""Basement_Type_Part_Basement"": 0.0, ""Basement_Type_Part_Crawl"": 0.0}]",null,"error: Failed to enforce schema of data '   saleamount  AgeofHome  Bedrooms  ...  Basement_Type_Full_Crawl  Basement_Type_Part_Basement  Basement_Type_Part_Crawl
0         0.0        0.0       0.0  ...                       0.0                          0.0                       0.0

[1 rows x 9 columns]' with schema '['saleamount': long (required), 'AgeofHome': double (required), 'Bedrooms': double (required), 'Bathrooms': double (required), 'Acreage': double (required), 'Basement_Type_Full_Basement': double (required), 'Basement_Type_Full_Crawl': double (required), 'Basement_Type_Part_Basement': double (required), 'Basement_Type_Part_Crawl': double (required)]'. Error: Incompatible input types for column saleamount. Can not safely convert float64 to int64."
2025-04-23T13:34:25.905289,single,"[{""saleamount"": 0.0, ""AgeofHome"": 0.0, ""Bedrooms"": 0.0, ""Bathrooms"": 0.0, ""Acreage"": 0.0, ""Basement_Type_Full_Basement"": 0.0, ""Basement_Type_Full_Crawl"": 0.0, ""Basement_Type_Part_Basement"": 0.0, ""Basement_Type_Part_Crawl"": 0.0}]",null,"error: Failed to enforce schema of data '   saleamount  AgeofHome  Bedrooms  ...  Basement_Type_Full_Crawl  Basement_Type_Part_Basement  Basement_Type_Part_Crawl
0         0.0        0.0       0.0  ...                       0.0                          0.0                       0.0

[1 rows x 9 columns]' with schema '['saleamount': long (required), 'AgeofHome': double (required), 'Bedrooms': double (required), 'Bathrooms': double (required), 'Acreage': double (required), 'Basement_Type_Full_Basement': double (required), 'Basement_Type_Full_Crawl': double (required), 'Basement_Type_Part_Basement': double (required), 'Basement_Type_Part_Crawl': double (required)]'. Error: Incompatible input types for column saleamount. Can not safely convert float64 to int64."
2025-04-23T13:34:26.037502,single,"[{""saleamount"": 0.0, ""AgeofHome"": 0.0, ""Bedrooms"": 0.0, ""Bathrooms"": 0.0, ""Acreage"": 0.0, ""Basement_Type_Full_Basement"": 0.0, ""Basement_Type_Full_Crawl"": 0.0, ""Basement_Type_Part_Basement"": 0.0, ""Basement_Type_Part_Crawl"": 0.0}]",null,"error: Failed to enforce schema of data '   saleamount  AgeofHome  Bedrooms  ...  Basement_Type_Full_Crawl  Basement_Type_Part_Basement  Basement_Type_Part_Crawl
0         0.0        0.0       0.0  ...                       0.0                          0.0                       0.0

[1 rows x 9 columns]' with schema '['saleamount': long (required), 'AgeofHome': double (required), 'Bedrooms': double (required), 'Bathrooms': double (required), 'Acreage': double (required), 'Basement_Type_Full_Basement': double (required), 'Basement_Type_Full_Crawl': double (required), 'Basement_Type_Part_Basement': double (required), 'Basement_Type_Part_Crawl': double (required)]'. Error: Incompatible input types for column saleamount. Can not safely convert float64 to int64."
2025-04-23T13:34:26.151529,single,"[{""saleamount"": 0.0, ""AgeofHome"": 0.0, ""Bedrooms"": 0.0, ""Bathrooms"": 0.0, ""Acreage"": 0.0, ""Basement_Type_Full_Basement"": 0.0, ""Basement_Type_Full_Crawl"": 0.0, ""Basement_Type_Part_Basement"": 0.0, ""Basement_Type_Part_Crawl"": 0.0}]",null,"error: Failed to enforce schema of data '   saleamount  AgeofHome  Bedrooms  ...  Basement_Type_Full_Crawl  Basement_Type_Part_Basement  Basement_Type_Part_Crawl
0         0.0        0.0       0.0  ...                       0.0                          0.0                       0.0

[1 rows x 9 columns]' with schema '['saleamount': long (required), 'AgeofHome': double (required), 'Bedrooms': double (required), 'Bathrooms': double (required), 'Acreage': double (required), 'Basement_Type_Full_Basement': double (required), 'Basement_Type_Full_Crawl': double (required), 'Basement_Type_Part_Basement': double (required), 'Basement_Type_Part_Crawl': double (required)]'. Error: Incompatible input types for column saleamount. Can not safely convert float64 to int64."
2025-04-23T13:34:26.298868,single,"[{""saleamount"": 0.0, ""AgeofHome"": 0.0, ""Bedrooms"": 0.0, ""Bathrooms"": 0.0, ""Acreage"": 0.0, ""Basement_Type_Full_Basement"": 0.0, ""Basement_Type_Full_Crawl"": 0.0, ""Basement_Type_Part_Basement"": 0.0, ""Basement_Type_Part_Crawl"": 0.0}]",null,"error: Failed to enforce schema of data '   saleamount  AgeofHome  Bedrooms  ...  Basement_Type_Full_Crawl  Basement_Type_Part_Basement  Basement_Type_Part_Crawl
0         0.0        0.0       0.0  ...                       0.0                          0.0                       0.0

[1 rows x 9 columns]' with schema '['saleamount': long (required), 'AgeofHome': double (required), 'Bedrooms': double (required), 'Bathrooms': double (required), 'Acreage': double (required), 'Basement_Type_Full_Basement': double (required), 'Basement_Type_Full_Crawl': double (required), 'Basement_Type_Part_Basement': double (required), 'Basement_Type_Part_Crawl': double (required)]'. Error: Incompatible input types for column saleamount. Can not safely convert float64 to int64."
2025-04-23T13:34:26.415951,single,"[{""saleamount"": 0.0, ""AgeofHome"": 0.0, ""Bedrooms"": 0.0, ""Bathrooms"": 0.0, ""Acreage"": 0.0, ""Basement_Type_Full_Basement"": 0.0, ""Basement_Type_Full_Crawl"": 0.0, ""Basement_Type_Part_Basement"": 0.0, ""Basement_Type_Part_Crawl"": 0.0}]",null,"error: Failed to enforce schema of data '   saleamount  AgeofHome  Bedrooms  ...  Basement_Type_Full_Crawl  Basement_Type_Part_Basement  Basement_Type_Part_Crawl
0         0.0        0.0       0.0  ...                       0.0                          0.0                       0.0

[1 rows x 9 columns]' with schema '['saleamount': long (required), 'AgeofHome': double (required), 'Bedrooms': double (required), 'Bathrooms': double (required), 'Acreage': double (required), 'Basement_Type_Full_Basement': double (required), 'Basement_Type_Full_Crawl': double (required), 'Basement_Type_Part_Basement': double (required), 'Basement_Type_Part_Crawl': double (required)]'. Error: Incompatible input types for column saleamount. Can not safely convert float64 to int64."
2025-04-23T13:34:26.534658,single,"[{""saleamount"": 0.0, ""AgeofHome"": 0.0, ""Bedrooms"": 0.0, ""Bathrooms"": 0.0, ""Acreage"": 0.0, ""Basement_Type_Full_Basement"": 0.0, ""Basement_Type_Full_Crawl"": 0.0, ""Basement_Type_Part_Basement"": 0.0, ""Basement_Type_Part_Crawl"": 0.0}]",null,"error: Failed to enforce schema of data '   saleamount  AgeofHome  Bedrooms  ...  Basement_Type_Full_Crawl  Basement_Type_Part_Basement  Basement_Type_Part_Crawl
0         0.0        0.0       0.0  ...                       0.0                          0.0                       0.0

[1 rows x 9 columns]' with schema '['saleamount': long (required), 'AgeofHome': double (required), 'Bedrooms': double (required), 'Bathrooms': double (required), 'Acreage': double (required), 'Basement_Type_Full_Basement': double (required), 'Basement_Type_Full_Crawl': double (required), 'Basement_Type_Part_Basement': double (required), 'Basement_Type_Part_Crawl': double (required)]'. Error: Incompatible input types for column saleamount. Can not safely convert float64 to int64."
2025-04-23T13:34:26.663580,single,"[{""saleamount"": 0.0, ""AgeofHome"": 0.0, ""Bedrooms"": 0.0, ""Bathrooms"": 0.0, ""Acreage"": 0.0, ""Basement_Type_Full_Basement"": 0.0, ""Basement_Type_Full_Crawl"": 0.0, ""Basement_Type_Part_Basement"": 0.0, ""Basement_Type_Part_Crawl"": 0.0}]",null,"error: Failed to enforce schema of data '   saleamount  AgeofHome  Bedrooms  ...  Basement_Type_Full_Crawl  Basement_Type_Part_Basement  Basement_Type_Part_Crawl
0         0.0        0.0       0.0  ...                       0.0                          0.0                       0.0

[1 rows x 9 columns]' with schema '['saleamount': long (required), 'AgeofHome': double (required), 'Bedrooms': double (required), 'Bathrooms': double (required), 'Acreage': double (required), 'Basement_Type_Full_Basement': double (required), 'Basement_Type_Full_Crawl': double (required), 'Basement_Type_Part_Basement': double (required), 'Basement_Type_Part_Crawl': double (required)]'. Error: Incompatible input types for column saleamount. Can not safely convert float64 to int64."
2025-04-23T13:34:26.779138,single,"[{""saleamount"": 0.0, ""AgeofHome"": 0.0, ""Bedrooms"": 0.0, ""Bathrooms"": 0.0, ""Acreage"": 0.0, ""Basement_Type_Full_Basement"": 0.0, ""Basement_Type_Full_Crawl"": 0.0, ""Basement_Type_Part_Basement"": 0.0, ""Basement_Type_Part_Crawl"": 0.0}]",null,"error: Failed to enforce schema of data '   saleamount  AgeofHome  Bedrooms  ...  Basement_Type_Full_Crawl  Basement_Type_Part_Basement  Basement_Type_Part_Crawl
0         0.0        0.0       0.0  ...                       0.0                          0.0                       0.0

[1 rows x 9 columns]' with schema '['saleamount': long (required), 'AgeofHome': double (required), 'Bedrooms': double (required), 'Bathrooms': double (required), 'Acreage': double (required), 'Basement_Type_Full_Basement': double (required), 'Basement_Type_Full_Crawl': double (required), 'Basement_Type_Part_Basement': double (required), 'Basement_Type_Part_Crawl': double (required)]'. Error: Incompatible input types for column saleamount. Can not safely convert float64 to int64."
2025-04-23T13:34:26.911908,single,"[{""saleamount"": 0.0, ""AgeofHome"": 0.0, ""Bedrooms"": 0.0, ""Bathrooms"": 0.0, ""Acreage"": 0.0, ""Basement_Type_Full_Basement"": 0.0, ""Basement_Type_Full_Crawl"": 0.0, ""Basement_Type_Part_Basement"": 0.0, ""Basement_Type_Part_Crawl"": 0.0}]",null,"error: Failed to enforce schema of data '   saleamount  AgeofHome  Bedrooms  ...  Basement_Type_Full_Crawl  Basement_Type_Part_Basement  Basement_Type_Part_Crawl
0         0.0        0.0       0.0  ...                       0.0                          0.0                       0.0

[1 rows x 9 columns]' with schema '['saleamount': long (required), 'AgeofHome': double (required), 'Bedrooms': double (required), 'Bathrooms': double (required), 'Acreage': double (required), 'Basement_Type_Full_Basement': double (required), 'Basement_Type_Full_Crawl': double (required), 'Basement_Type_Part_Basement': double (required), 'Basement_Type_Part_Crawl': double (required)]'. Error: Incompatible input types for column saleamount. Can not safely convert float64 to int64."
2025-04-23T13:34:27.047936,single,"[{""saleamount"": 0.0, ""AgeofHome"": 0.0, ""Bedrooms"": 0.0, ""Bathrooms"": 0.0, ""Acreage"": 0.0, ""Basement_Type_Full_Basement"": 0.0, ""Basement_Type_Full_Crawl"": 0.0, ""Basement_Type_Part_Basement"": 0.0, ""Basement_Type_Part_Crawl"": 0.0}]",null,"error: Failed to enforce schema of data '   saleamount  AgeofHome  Bedrooms  ...  Basement_Type_Full_Crawl  Basement_Type_Part_Basement  Basement_Type_Part_Crawl
0         0.0        0.0       0.0  ...                       0.0                          0.0                       0.0

[1 rows x 9 columns]' with schema '['saleamount': long (required), 'AgeofHome': double (required), 'Bedrooms': double (required), 'Bathrooms': double (required), 'Acreage': double (required), 'Basement_Type_Full_Basement': double (required), 'Basement_Type_Full_Crawl': double (required), 'Basement_Type_Part_Basement': double (required), 'Basement_Type_Part_Crawl': double (required)]'. Error: Incompatible input types for column saleamount. Can not safely convert float64 to int64."
2025-04-23T13:34:27.149978,single,"[{""saleamount"": 0.0, ""AgeofHome"": 0.0, ""Bedrooms"": 0.0, ""Bathrooms"": 0.0, ""Acreage"": 0.0, ""Basement_Type_Full_Basement"": 0.0, ""Basement_Type_Full_Crawl"": 0.0, ""Basement_Type_Part_Basement"": 0.0, ""Basement_Type_Part_Crawl"": 0.0}]",null,"error: Failed to enforce schema of data '   saleamount  AgeofHome  Bedrooms  ...  Basement_Type_Full_Crawl  Basement_Type_Part_Basement  Basement_Type_Part_Crawl
0         0.0        0.0       0.0  ...                       0.0                          0.0                       0.0

[1 rows x 9 columns]' with schema '['saleamount': long (required), 'AgeofHome': double (required), 'Bedrooms': double (required), 'Bathrooms': double (required), 'Acreage': double (required), 'Basement_Type_Full_Basement': double (required), 'Basement_Type_Full_Crawl': double (required), 'Basement_Type_Part_Basement': double (required), 'Basement_Type_Part_Crawl': double (required)]'. Error: Incompatible input types for column saleamount. Can not safely convert float64 to int64."
2025-04-23T13:34:27.284617,single,"[{""saleamount"": 0.0, ""AgeofHome"": 0.0, ""Bedrooms"": 0.0, ""Bathrooms"": 0.0, ""Acreage"": 0.0, ""Basement_Type_Full_Basement"": 0.0, ""Basement_Type_Full_Crawl"": 0.0, ""Basement_Type_Part_Basement"": 0.0, ""Basement_Type_Part_Crawl"": 0.0}]",null,"error: Failed to enforce schema of data '   saleamount  AgeofHome  Bedrooms  ...  Basement_Type_Full_Crawl  Basement_Type_Part_Basement  Basement_Type_Part_Crawl
0         0.0        0.0       0.0  ...                       0.0                          0.0                       0.0

[1 rows x 9 columns]' with schema '['saleamount': long (required), 'AgeofHome': double (required), 'Bedrooms': double (required), 'Bathrooms': double (required), 'Acreage': double (required), 'Basement_Type_Full_Basement': double (required), 'Basement_Type_Full_Crawl': double (required), 'Basement_Type_Part_Basement': double (required), 'Basement_Type_Part_Crawl': double (required)]'. Error: Incompatible input types for column saleamount. Can not safely convert float64 to int64."
2025-04-23T13:34:27.413696,single,"[{""saleamount"": 0.0, ""AgeofHome"": 0.0, ""Bedrooms"": 0.0, ""Bathrooms"": 0.0, ""Acreage"": 0.0, ""Basement_Type_Full_Basement"": 0.0, ""Basement_Type_Full_Crawl"": 0.0, ""Basement_Type_Part_Basement"": 0.0, ""Basement_Type_Part_Crawl"": 0.0}]",null,"error: Failed to enforce schema of data '   saleamount  AgeofHome  Bedrooms  ...  Basement_Type_Full_Crawl  Basement_Type_Part_Basement  Basement_Type_Part_Crawl
0         0.0        0.0       0.0  ...                       0.0                          0.0                       0.0

[1 rows x 9 columns]' with schema '['saleamount': long (required), 'AgeofHome': double (required), 'Bedrooms': double (required), 'Bathrooms': double (required), 'Acreage': double (required), 'Basement_Type_Full_Basement': double (required), 'Basement_Type_Full_Crawl': double (required), 'Basement_Type_Part_Basement': double (required), 'Basement_Type_Part_Crawl': double (required)]'. Error: Incompatible input types for column saleamount. Can not safely convert float64 to int64."
2025-04-23T13:34:27.537130,single,"[{""saleamount"": 0.0, ""AgeofHome"": 0.0, ""Bedrooms"": 0.0, ""Bathrooms"": 0.0, ""Acreage"": 0.0, ""Basement_Type_Full_Basement"": 0.0, ""Basement_Type_Full_Crawl"": 0.0, ""Basement_Type_Part_Basement"": 0.0, ""Basement_Type_Part_Crawl"": 0.0}]",null,"error: Failed to enforce schema of data '   saleamount  AgeofHome  Bedrooms  ...  Basement_Type_Full_Crawl  Basement_Type_Part_Basement  Basement_Type_Part_Crawl
0         0.0        0.0       0.0  ...                       0.0                          0.0                       0.0

[1 rows x 9 columns]' with schema '['saleamount': long (required), 'AgeofHome': double (required), 'Bedrooms': double (required), 'Bathrooms': double (required), 'Acreage': double (required), 'Basement_Type_Full_Basement': double (required), 'Basement_Type_Full_Crawl': double (required), 'Basement_Type_Part_Basement': double (required), 'Basement_Type_Part_Crawl': double (required)]'. Error: Incompatible input types for column saleamount. Can not safely convert float64 to int64."
2025-04-23T13:34:27.664262,single,"[{""saleamount"": 0.0, ""AgeofHome"": 0.0, ""Bedrooms"": 0.0, ""Bathrooms"": 0.0, ""Acreage"": 0.0, ""Basement_Type_Full_Basement"": 0.0, ""Basement_Type_Full_Crawl"": 0.0, ""Basement_Type_Part_Basement"": 0.0, ""Basement_Type_Part_Crawl"": 0.0}]",null,"error: Failed to enforce schema of data '   saleamount  AgeofHome  Bedrooms  ...  Basement_Type_Full_Crawl  Basement_Type_Part_Basement  Basement_Type_Part_Crawl
0         0.0        0.0       0.0  ...                       0.0                          0.0                       0.0

[1 rows x 9 columns]' with schema '['saleamount': long (required), 'AgeofHome': double (required), 'Bedrooms': double (required), 'Bathrooms': double (required), 'Acreage': double (required), 'Basement_Type_Full_Basement': double (required), 'Basement_Type_Full_Crawl': double (required), 'Basement_Type_Part_Basement': double (required), 'Basement_Type_Part_Crawl': double (required)]'. Error: Incompatible input types for column saleamount. Can not safely convert float64 to int64."
2025-04-23T13:34:27.785401,single,"[{""saleamount"": 0.0, ""AgeofHome"": 0.0, ""Bedrooms"": 0.0, ""Bathrooms"": 0.0, ""Acreage"": 0.0, ""Basement_Type_Full_Basement"": 0.0, ""Basement_Type_Full_Crawl"": 0.0, ""Basement_Type_Part_Basement"": 0.0, ""Basement_Type_Part_Crawl"": 0.0}]",null,"error: Failed to enforce schema of data '   saleamount  AgeofHome  Bedrooms  ...  Basement_Type_Full_Crawl  Basement_Type_Part_Basement  Basement_Type_Part_Crawl
0         0.0        0.0       0.0  ...                       0.0                          0.0                       0.0

[1 rows x 9 columns]' with schema '['saleamount': long (required), 'AgeofHome': double (required), 'Bedrooms': double (required), 'Bathrooms': double (required), 'Acreage': double (required), 'Basement_Type_Full_Basement': double (required), 'Basement_Type_Full_Crawl': double (required), 'Basement_Type_Part_Basement': double (required), 'Basement_Type_Part_Crawl': double (required)]'. Error: Incompatible input types for column saleamount. Can not safely convert float64 to int64."
2025-04-23T13:34:27.911251,single,"[{""saleamount"": 0.0, ""AgeofHome"": 0.0, ""Bedrooms"": 0.0, ""Bathrooms"": 0.0, ""Acreage"": 0.0, ""Basement_Type_Full_Basement"": 0.0, ""Basement_Type_Full_Crawl"": 0.0, ""Basement_Type_Part_Basement"": 0.0, ""Basement_Type_Part_Crawl"": 0.0}]",null,"error: Failed to enforce schema of data '   saleamount  AgeofHome  Bedrooms  ...  Basement_Type_Full_Crawl  Basement_Type_Part_Basement  Basement_Type_Part_Crawl
0         0.0        0.0       0.0  ...                       0.0                          0.0                       0.0

[1 rows x 9 columns]' with schema '['saleamount': long (required), 'AgeofHome': double (required), 'Bedrooms': double (required), 'Bathrooms': double (required), 'Acreage': double (required), 'Basement_Type_Full_Basement': double (required), 'Basement_Type_Full_Crawl': double (required), 'Basement_Type_Part_Basement': double (required), 'Basement_Type_Part_Crawl': double (required)]'. Error: Incompatible input types for column saleamount. Can not safely convert float64 to int64."
2025-04-23T13:34:31.296164,single,"[{""saleamount"": 0.0, ""AgeofHome"": 0.0, ""Bedrooms"": 0.0, ""Bathrooms"": 0.0, ""Acreage"": 0.0, ""Basement_Type_Full_Basement"": 0.0, ""Basement_Type_Full_Crawl"": 0.0, ""Basement_Type_Part_Basement"": 0.0, ""Basement_Type_Part_Crawl"": 0.0}]",null,"error: Failed to enforce schema of data '   saleamount  AgeofHome  Bedrooms  ...  Basement_Type_Full_Crawl  Basement_Type_Part_Basement  Basement_Type_Part_Crawl
0         0.0        0.0       0.0  ...                       0.0                          0.0                       0.0

[1 rows x 9 columns]' with schema '['saleamount': long (required), 'AgeofHome': double (required), 'Bedrooms': double (required), 'Bathrooms': double (required), 'Acreage': double (required), 'Basement_Type_Full_Basement': double (required), 'Basement_Type_Full_Crawl': double (required), 'Basement_Type_Part_Basement': double (required), 'Basement_Type_Part_Crawl': double (required)]'. Error: Incompatible input types for column saleamount. Can not safely convert float64 to int64."
2025-04-23T13:34:49.760597,single,"[{""saleamount"": 0.0, ""AgeofHome"": 0.0, ""Bedrooms"": 0.0, ""Bathrooms"": 0.0, ""Acreage"": 0.0, ""Basement_Type_Full_Basement"": 0.0, ""Basement_Type_Full_Crawl"": 0.0, ""Basement_Type_Part_Basement"": 0.0, ""Basement_Type_Part_Crawl"": 0.0}]",null,"error: Failed to enforce schema of data '   saleamount  AgeofHome  Bedrooms  ...  Basement_Type_Full_Crawl  Basement_Type_Part_Basement  Basement_Type_Part_Crawl
0         0.0        0.0       0.0  ...                       0.0                          0.0                       0.0

[1 rows x 9 columns]' with schema '['saleamount': long (required), 'AgeofHome': double (required), 'Bedrooms': double (required), 'Bathrooms': double (required), 'Acreage': double (required), 'Basement_Type_Full_Basement': double (required), 'Basement_Type_Full_Crawl': double (required), 'Basement_Type_Part_Basement': double (required), 'Basement_Type_Part_Crawl': double (required)]'. Error: Incompatible input types for column saleamount. Can not safely convert float64 to int64."
2025-04-23T13:34:57.326101,single,"[{""saleamount"": 100.0, ""AgeofHome"": 0.0, ""Bedrooms"": 0.0, ""Bathrooms"": 0.0, ""Acreage"": 0.0, ""Basement_Type_Full_Basement"": 0.0, ""Basement_Type_Full_Crawl"": 0.0, ""Basement_Type_Part_Basement"": 0.0, ""Basement_Type_Part_Crawl"": 0.0}]",null,"error: Failed to enforce schema of data '   saleamount  AgeofHome  Bedrooms  ...  Basement_Type_Full_Crawl  Basement_Type_Part_Basement  Basement_Type_Part_Crawl
0       100.0        0.0       0.0  ...                       0.0                          0.0                       0.0

[1 rows x 9 columns]' with schema '['saleamount': long (required), 'AgeofHome': double (required), 'Bedrooms': double (required), 'Bathrooms': double (required), 'Acreage': double (required), 'Basement_Type_Full_Basement': double (required), 'Basement_Type_Full_Crawl': double (required), 'Basement_Type_Part_Basement': double (required), 'Basement_Type_Part_Crawl': double (required)]'. Error: Incompatible input types for column saleamount. Can not safely convert float64 to int64."
2025-04-23T13:35:06.418437,single,"[{""saleamount"": 0.0, ""AgeofHome"": 0.0, ""Bedrooms"": 0.0, ""Bathrooms"": 0.0, ""Acreage"": 0.0, ""Basement_Type_Full_Basement"": 0.0, ""Basement_Type_Full_Crawl"": 0.0, ""Basement_Type_Part_Basement"": 0.0, ""Basement_Type_Part_Crawl"": 0.0}]",null,"error: Failed to enforce schema of data '   saleamount  AgeofHome  Bedrooms  ...  Basement_Type_Full_Crawl  Basement_Type_Part_Basement  Basement_Type_Part_Crawl
0         0.0        0.0       0.0  ...                       0.0                          0.0                       0.0

[1 rows x 9 columns]' with schema '['saleamount': long (required), 'AgeofHome': double (required), 'Bedrooms': double (required), 'Bathrooms': double (required), 'Acreage': double (required), 'Basement_Type_Full_Basement': double (required), 'Basement_Type_Full_Crawl': double (required), 'Basement_Type_Part_Basement': double (required), 'Basement_Type_Part_Crawl': double (required)]'. Error: Incompatible input types for column saleamount. Can not safely convert float64 to int64."
2025-04-23T13:38:21.805846,single,"[{""saleamount"": 0.0, ""AgeofHome"": 0.0, ""Bedrooms"": 0.0, ""Bathrooms"": 0.0, ""Acreage"": 0.0, ""Basement_Type_Full_Basement"": 0.0, ""Basement_Type_Full_Crawl"": 0.0, ""Basement_Type_Part_Basement"": 0.0, ""Basement_Type_Part_Crawl"": 0.0}]",null,"error: Failed to enforce schema of data '   saleamount  AgeofHome  Bedrooms  ...  Basement_Type_Full_Crawl  Basement_Type_Part_Basement  Basement_Type_Part_Crawl
0         0.0        0.0       0.0  ...                       0.0                          0.0                       0.0

[1 rows x 9 columns]' with schema '['saleamount': long (required), 'AgeofHome': double (required), 'Bedrooms': double (required), 'Bathrooms': double (required), 'Acreage': double (required), 'Basement_Type_Full_Basement': double (required), 'Basement_Type_Full_Crawl': double (required), 'Basement_Type_Part_Basement': double (required), 'Basement_Type_Part_Crawl': double (required)]'. Error: Incompatible input types for column saleamount. Can not safely convert float64 to int64."
2025-04-23T13:39:16.559899,single,"[{""saleamount"": 0.0, ""AgeofHome"": 0.0, ""Bedrooms"": 0.0, ""Bathrooms"": 0.0, ""Acreage"": 0.0, ""Basement_Type_Full_Basement"": 0.0, ""Basement_Type_Full_Crawl"": 0.0, ""Basement_Type_Part_Basement"": 0.0, ""Basement_Type_Part_Crawl"": 0.0}]",null,"error: Failed to enforce schema of data '   saleamount  AgeofHome  Bedrooms  ...  Basement_Type_Full_Crawl  Basement_Type_Part_Basement  Basement_Type_Part_Crawl
0         0.0        0.0       0.0  ...                       0.0                          0.0                       0.0

[1 rows x 9 columns]' with schema '['saleamount': long (required), 'AgeofHome': double (required), 'Bedrooms': double (required), 'Bathrooms': double (required), 'Acreage': double (required), 'Basement_Type_Full_Basement': double (required), 'Basement_Type_Full_Crawl': double (required), 'Basement_Type_Part_Basement': double (required), 'Basement_Type_Part_Crawl': double (required)]'. Error: Incompatible input types for column saleamount. Can not safely convert float64 to int64."
2025-04-23T13:40:09.817788,single,"[{""saleamount"": 0.0, ""AgeofHome"": 0.0, ""Bedrooms"": 0.0, ""Bathrooms"": 0.0, ""Acreage"": 0.0, ""Basement_Type_Full_Basement"": 0.0, ""Basement_Type_Full_Crawl"": 0.0, ""Basement_Type_Part_Basement"": 0.0, ""Basement_Type_Part_Crawl"": 0.0}]",null,"error: Failed to enforce schema of data '   saleamount  AgeofHome  Bedrooms  ...  Basement_Type_Full_Crawl  Basement_Type_Part_Basement  Basement_Type_Part_Crawl
0         0.0        0.0       0.0  ...                       0.0                          0.0                       0.0

[1 rows x 9 columns]' with schema '['saleamount': long (required), 'AgeofHome': double (required), 'Bedrooms': double (required), 'Bathrooms': double (required), 'Acreage': double (required), 'Basement_Type_Full_Basement': double (required), 'Basement_Type_Full_Crawl': double (required), 'Basement_Type_Part_Basement': double (required), 'Basement_Type_Part_Crawl': double (required)]'. Error: Incompatible input types for column saleamount. Can not safely convert float64 to int64."
2025-04-23T13:40:11.156436,single,"[{""saleamount"": 0.0, ""AgeofHome"": 0.0, ""Bedrooms"": 0.0, ""Bathrooms"": 0.0, ""Acreage"": 0.0, ""Basement_Type_Full_Basement"": 0.0, ""Basement_Type_Full_Crawl"": 0.0, ""Basement_Type_Part_Basement"": 0.0, ""Basement_Type_Part_Crawl"": 0.0}]",null,"error: Failed to enforce schema of data '   saleamount  AgeofHome  Bedrooms  ...  Basement_Type_Full_Crawl  Basement_Type_Part_Basement  Basement_Type_Part_Crawl
0         0.0        0.0       0.0  ...                       0.0                          0.0                       0.0

[1 rows x 9 columns]' with schema '['saleamount': long (required), 'AgeofHome': double (required), 'Bedrooms': double (required), 'Bathrooms': double (required), 'Acreage': double (required), 'Basement_Type_Full_Basement': double (required), 'Basement_Type_Full_Crawl': double (required), 'Basement_Type_Part_Basement': double (required), 'Basement_Type_Part_Crawl': double (required)]'. Error: Incompatible input types for column saleamount. Can not safely convert float64 to int64."
2025-04-23T13:40:39.089755,single,"[{""saleamount"": 0, ""AgeofHome"": 0.0, ""Bedrooms"": 0.0, ""Bathrooms"": 0.0, ""Acreage"": 0.0, ""Basement_Type_Full_Basement"": 0.0, ""Basement_Type_Full_Crawl"": 0.0, ""Basement_Type_Part_Basement"": 0.0, ""Basement_Type_Part_Crawl"": 0.0}]",[59.0],success
2025-04-23T13:40:42.308931,single,"[{""saleamount"": 0, ""AgeofHome"": 0.0, ""Bedrooms"": 0.0, ""Bathrooms"": 0.0, ""Acreage"": 0.0, ""Basement_Type_Full_Basement"": 0.0, ""Basement_Type_Full_Crawl"": 0.0, ""Basement_Type_Part_Basement"": 0.0, ""Basement_Type_Part_Crawl"": 0.0}]",[59.0],success
2025-04-23T13:40:46.521274,single,"[{""saleamount"": 0, ""AgeofHome"": 0.0, ""Bedrooms"": 4.0, ""Bathrooms"": 0.0, ""Acreage"": 0.0, ""Basement_Type_Full_Basement"": 0.0, ""Basement_Type_Full_Crawl"": 0.0, ""Basement_Type_Part_Basement"": 0.0, ""Basement_Type_Part_Crawl"": 0.0}]",[59.0],success
2025-04-23T13:40:52.236846,single,"[{""saleamount"": 1000, ""AgeofHome"": 0.0, ""Bedrooms"": 4.0, ""Bathrooms"": 0.0, ""Acreage"": 0.0, ""Basement_Type_Full_Basement"": 0.0, ""Basement_Type_Full_Crawl"": 0.0, ""Basement_Type_Part_Basement"": 0.0, ""Basement_Type_Part_Crawl"": 0.0}]",[59.0],success
2025-04-23T13:41:16.760110,single,"[{""saleamount"": 275000, ""AgeofHome"": 50.0, ""Bedrooms"": 5.0, ""Bathrooms"": 2.5, ""Acreage"": 1.0, ""Basement_Type_Full_Basement"": 0.0, ""Basement_Type_Full_Crawl"": 0.0, ""Basement_Type_Part_Basement"": 1.0, ""Basement_Type_Part_Crawl"": 0.0}]",[54.282051282051285],success
2025-04-23T13:41:21.849089,single,"[{""saleamount"": 275000, ""AgeofHome"": 50.0, ""Bedrooms"": 5.0, ""Bathrooms"": 2.5, ""Acreage"": 1.0, ""Basement_Type_Full_Basement"": 0.0, ""Basement_Type_Full_Crawl"": 0.0, ""Basement_Type_Part_Basement"": 1.0, ""Basement_Type_Part_Crawl"": 0.0}]",[54.282051282051285],success
2025-04-23T13:44:48.019705,single,"[{""saleamount"": 275000, ""AgeofHome"": 50.0, ""Bedrooms"": 5.0, ""Bathrooms"": 2.5, ""Acreage"": 1.0, ""Basement_Type_Full_Basement"": 0.0, ""Basement_Type_Full_Crawl"": 0.0, ""Basement_Type_Part_Basement"": 1.0, ""Basement_Type_Part_Crawl"": 0.0}]",[54.282051282051285],success
2025-04-23T13:45:07.208059,single,"[{""saleamount"": 575000, ""AgeofHome"": 50.0, ""Bedrooms"": 5.0, ""Bathrooms"": 2.5, ""Acreage"": 1.0, ""Basement_Type_Full_Basement"": 0.0, ""Basement_Type_Full_Crawl"": 0.0, ""Basement_Type_Part_Basement"": 1.0, ""Basement_Type_Part_Crawl"": 0.0}]",[51.8],success
2025-04-23T13:45:16.403051,single,"[{""saleamount"": 575000, ""AgeofHome"": 50.0, ""Bedrooms"": 5.0, ""Bathrooms"": 2.5, ""Acreage"": 1.0, ""Basement_Type_Full_Basement"": 1.0, ""Basement_Type_Full_Crawl"": 0.0, ""Basement_Type_Part_Basement"": 0.0, ""Basement_Type_Part_Crawl"": 0.0}]",[51.8],success
2025-04-23T13:45:22.524886,single,"[{""saleamount"": 575000, ""AgeofHome"": 50.0, ""Bedrooms"": 5.0, ""Bathrooms"": 2.5, ""Acreage"": 10.0, ""Basement_Type_Full_Basement"": 1.0, ""Basement_Type_Full_Crawl"": 0.0, ""Basement_Type_Part_Basement"": 0.0, ""Basement_Type_Part_Crawl"": 0.0}]",[51.8],success
2025-04-23T13:45:28.525343,single,"[{""saleamount"": 575000, ""AgeofHome"": 50.0, ""Bedrooms"": 10.0, ""Bathrooms"": 2.5, ""Acreage"": 10.0, ""Basement_Type_Full_Basement"": 1.0, ""Basement_Type_Full_Crawl"": 0.0, ""Basement_Type_Part_Basement"": 0.0, ""Basement_Type_Part_Crawl"": 0.0}]",[51.8],success
2025-04-23T13:45:33.783080,single,"[{""saleamount"": 1575000, ""AgeofHome"": 50.0, ""Bedrooms"": 10.0, ""Bathrooms"": 2.5, ""Acreage"": 10.0, ""Basement_Type_Full_Basement"": 1.0, ""Basement_Type_Full_Crawl"": 0.0, ""Basement_Type_Part_Basement"": 0.0, ""Basement_Type_Part_Crawl"": 0.0}]",[51.8],success
2025-04-23T14:00:25.176349,single,"[{""saleamount"": 0, ""AgeofHome"": 0.0, ""Bedrooms"": 0.0, ""Bathrooms"": 0.0, ""Acreage"": 0.0, ""Basement_Type_Full_Basement"": 1.0, ""Basement_Type_Full_Crawl"": 0.0, ""Basement_Type_Part_Basement"": 0.0, ""Basement_Type_Part_Crawl"": 0.0}]",[59.0],success
2025-04-23T14:00:47.087047,single,"[{""saleamount"": 275000, ""AgeofHome"": 50.0, ""Bedrooms"": 4.0, ""Bathrooms"": 2.0, ""Acreage"": 1.0, ""Basement_Type_Full_Basement"": 1.0, ""Basement_Type_Full_Crawl"": 0.0, ""Basement_Type_Part_Basement"": 0.0, ""Basement_Type_Part_Crawl"": 0.0}]",[54.282051282051285],success
2025-04-23T14:00:51.455317,single,"[{""saleamount"": 5275000, ""AgeofHome"": 50.0, ""Bedrooms"": 4.0, ""Bathrooms"": 2.0, ""Acreage"": 1.0, ""Basement_Type_Full_Basement"": 1.0, ""Basement_Type_Full_Crawl"": 0.0, ""Basement_Type_Part_Basement"": 0.0, ""Basement_Type_Part_Crawl"": 0.0}]",[51.8],success
2025-04-23T14:00:56.320468,single,"[{""saleamount"": 575000, ""AgeofHome"": 50.0, ""Bedrooms"": 4.0, ""Bathrooms"": 2.0, ""Acreage"": 1.0, ""Basement_Type_Full_Basement"": 1.0, ""Basement_Type_Full_Crawl"": 0.0, ""Basement_Type_Part_Basement"": 0.0, ""Basement_Type_Part_Crawl"": 0.0}]",[51.8],success
2025-04-23T14:00:59.722526,single,"[{""saleamount"": 275000, ""AgeofHome"": 50.0, ""Bedrooms"": 0.0, ""Bathrooms"": 0.0, ""Acreage"": 0.0, ""Basement_Type_Full_Basement"": 1.0, ""Basement_Type_Full_Crawl"": 0.0, ""Basement_Type_Part_Basement"": 0.0, ""Basement_Type_Part_Crawl"": 0.0}]",[56.1875],success
2025-04-23T14:01:04.528330,single,"[{""saleamount"": 275000, ""AgeofHome"": 5.0, ""Bedrooms"": 0.0, ""Bathrooms"": 0.0, ""Acreage"": 0.0, ""Basement_Type_Full_Basement"": 1.0, ""Basement_Type_Full_Crawl"": 0.0, ""Basement_Type_Part_Basement"": 0.0, ""Basement_Type_Part_Crawl"": 0.0}]",[56.1875],success
2025-04-23T14:01:21.965349,single,"[{""saleamount"": 275000, ""AgeofHome"": 5.0, ""Bedrooms"": 4.0, ""Bathrooms"": 2.5, ""Acreage"": 5.0, ""Basement_Type_Full_Basement"": 1.0, ""Basement_Type_Full_Crawl"": 0.0, ""Basement_Type_Part_Basement"": 0.0, ""Basement_Type_Part_Crawl"": 0.0}]",[54.282051282051285],success
2025-04-23T14:01:26.037898,single,"[{""saleamount"": 275000, ""AgeofHome"": 50.0, ""Bedrooms"": 4.0, ""Bathrooms"": 2.5, ""Acreage"": 5.0, ""Basement_Type_Full_Basement"": 1.0, ""Basement_Type_Full_Crawl"": 0.0, ""Basement_Type_Part_Basement"": 0.0, ""Basement_Type_Part_Crawl"": 0.0}]",[54.282051282051285],success
2025-04-23T14:01:29.857301,single,"[{""saleamount"": 275000, ""AgeofHome"": 150.0, ""Bedrooms"": 4.0, ""Bathrooms"": 2.5, ""Acreage"": 5.0, ""Basement_Type_Full_Basement"": 1.0, ""Basement_Type_Full_Crawl"": 0.0, ""Basement_Type_Part_Basement"": 0.0, ""Basement_Type_Part_Crawl"": 0.0}]",[72.53846153846153],success
2025-04-23T14:01:33.535883,single,"[{""saleamount"": 275000, ""AgeofHome"": 50.0, ""Bedrooms"": 4.0, ""Bathrooms"": 2.5, ""Acreage"": 5.0, ""Basement_Type_Full_Basement"": 1.0, ""Basement_Type_Full_Crawl"": 0.0, ""Basement_Type_Part_Basement"": 0.0, ""Basement_Type_Part_Crawl"": 0.0}]",[54.282051282051285],success
2025-04-23T14:01:36.245360,single,"[{""saleamount"": 275000, ""AgeofHome"": 5.0, ""Bedrooms"": 4.0, ""Bathrooms"": 2.5, ""Acreage"": 5.0, ""Basement_Type_Full_Basement"": 1.0, ""Basement_Type_Full_Crawl"": 0.0, ""Basement_Type_Part_Basement"": 0.0, ""Basement_Type_Part_Crawl"": 0.0}]",[54.282051282051285],success
2025-04-23T14:01:38.513144,single,"[{""saleamount"": 275000, ""AgeofHome"": 5.0, ""Bedrooms"": 4.0, ""Bathrooms"": 2.5, ""Acreage"": 5.0, ""Basement_Type_Full_Basement"": 1.0, ""Basement_Type_Full_Crawl"": 0.0, ""Basement_Type_Part_Basement"": 0.0, ""Basement_Type_Part_Crawl"": 0.0}]",[54.282051282051285],success
2025-04-23T14:02:11.588670,single,"[{""saleamount"": 675000, ""AgeofHome"": 20.0, ""Bedrooms"": 4.0, ""Bathrooms"": 2.5, ""Acreage"": 5.0, ""Basement_Type_Full_Basement"": 1.0, ""Basement_Type_Full_Crawl"": 0.0, ""Basement_Type_Part_Basement"": 0.0, ""Basement_Type_Part_Crawl"": 0.0}]",[51.8],success
2025-04-23T14:02:30.415455,single,"[{""saleamount"": 275000, ""AgeofHome"": 5.0, ""Bedrooms"": 2.0, ""Bathrooms"": 1.5, ""Acreage"": 0.6, ""Basement_Type_Full_Basement"": 1.0, ""Basement_Type_Full_Crawl"": 0.0, ""Basement_Type_Part_Basement"": 0.0, ""Basement_Type_Part_Crawl"": 0.0}]",[54.282051282051285],success
2025-04-23T14:02:37.691794,single,"[{""saleamount"": 275000, ""AgeofHome"": 5.0, ""Bedrooms"": 2.0, ""Bathrooms"": 1.5, ""Acreage"": 0.6, ""Basement_Type_Full_Basement"": 0.0, ""Basement_Type_Full_Crawl"": 0.0, ""Basement_Type_Part_Basement"": 1.0, ""Basement_Type_Part_Crawl"": 0.0}]",[54.282051282051285],success
2025-04-23T14:05:37.642849,single,"[{""saleamount"": 275000, ""AgeofHome"": 5.0, ""Bedrooms"": 2.0, ""Bathrooms"": 1.5, ""Acreage"": 0.6, ""Basement_Type_Full_Basement"": 0.0, ""Basement_Type_Full_Crawl"": 0.0, ""Basement_Type_Part_Basement"": 1.0, ""Basement_Type_Part_Crawl"": 0.0}]",[54.282051282051285],success
2025-04-23T14:05:56.835593,single,"[{""saleamount"": 475000, ""AgeofHome"": 100.0, ""Bedrooms"": 5.0, ""Bathrooms"": 1.5, ""Acreage"": 3.6, ""Basement_Type_Full_Basement"": 1.0, ""Basement_Type_Full_Crawl"": 0.0, ""Basement_Type_Part_Basement"": 0.0, ""Basement_Type_Part_Crawl"": 0.0}]",[64.2],success
